Show,Link,Image Url,Theatre,Date,Time,Location,_id
Disney’s Aladdin,https://www.ticketmaster.com/aladdin-tickets/artist/1858715?ac_link=broadway_guide_aladdin,https://s1.ticketm.net/dam/a/6a4/0da28702-3bd5-4cc1-b373-37c02fc7c6a4_RETINA_PORTRAIT_16_9.jpg,New Amsterdam Theatre,May23,7:00 PM,"New York, NY",d587ca9a5e9431fa8980322deabc2f3d
Disney’s Aladdin,https://www.ticketmaster.com/aladdin-tickets/artist/1858715?ac_link=broadway_guide_aladdin,https://s1.ticketm.net/dam/a/6a4/0da28702-3bd5-4cc1-b373-37c02fc7c6a4_RETINA_PORTRAIT_16_9.jpg,New Amsterdam Theatre,May24,2:00 PM,"New York, NY",fe049cccb5948f0c484ed17e04598c13
Disney’s Aladdin,https://www.ticketmaster.com/aladdin-tickets/artist/1858715?ac_link=broadway_guide_aladdin,https://s1.ticketm.net/dam/a/6a4/0da28702-3bd5-4cc1-b373-37c02fc7c6a4_RETINA_PORTRAIT_16_9.jpg,,,,,7faac93332432bd7566a3da8a44e70c1
Disney’s Aladdin,https://www.ticketmaster.com/aladdin-tickets/artist/1858715?ac_link=broadway_guide_aladdin,https://s1.ticketm.net/dam/a/6a4/0da28702-3bd5-4cc1-b373-37c02fc7c6a4_RETINA_PORTRAIT_16_9.jpg,New Amsterdam Theatre,May24,8:00 PM,"New York, NY",a3117e6243fcc0f79e624dbe560b0e6b
Disney’s Aladdin,https://www.ticketmaster.com/aladdin-tickets/artist/1858715?ac_link=broadway_guide_aladdin,https://s1.ticketm.net/dam/a/6a4/0da28702-3bd5-4cc1-b373-37c02fc7c6a4_RETINA_PORTRAIT_16_9.jpg,New Amsterdam Theatre,May25,3:00 PM,"New York, NY",be353ce94fd7866c0e6ecf1b589ca067
Disney’s Aladdin,https://www.ticketmaster.com/aladdin-tickets/artist/1858715?ac_link=broadway_guide_aladdin,https://s1.ticketm.net/dam/a/6a4/0da28702-3bd5-4cc1-b373-37c02fc7c6a4_RETINA_PORTRAIT_16_9.jpg,New Amsterdam Theatre,May27,7:00 PM,"New York, NY",22864471f5a96909bd2d6707c0873a43
Disney’s Aladdin,https://www.ticketmaster.com/aladdin-tickets/artist/1858715?ac_link=broadway_guide_aladdin,https://s1.ticketm.net/dam/a/6a4/0da28702-3bd5-4cc1-b373-37c02fc7c6a4_RETINA_PORTRAIT_16_9.jpg,New Amsterdam Theatre,May28,1:00 PM,"New York, NY",8b98f6349c5bd1a4ddc128953f017578
Disney’s Aladdin,https://www.ticketmaster.com/aladdin-tickets/artist/1858715?ac_link=broadway_guide_aladdin,https://s1.ticketm.net/dam/a/6a4/0da28702-3bd5-4cc1-b373-37c02fc7c6a4_RETINA_PORTRAIT_16_9.jpg,New Amsterdam Theatre,May28,7:00 PM,"New York, NY",f4c08550dc77bd68dd96d3c85a973b36
Disney’s Aladdin,https://www.ticketmaster.com/aladdin-tickets/artist/1858715?ac_link=broadway_guide_aladdin,https://s1.ticketm.net/dam/a/6a4/0da28702-3bd5-4cc1-b373-37c02fc7c6a4_RETINA_PORTRAIT_16_9.jpg,New Amsterdam Theatre,May29,7:00 PM,"New York, NY",4f9c3e6764cb2bdcba02e4b222325548
Disney’s Aladdin,https://www.ticketmaster.com/aladdin-tickets/artist/1858715?ac_link=broadway_guide_aladdin,https://s1.ticketm.net/dam/a/6a4/0da28702-3bd5-4cc1-b373-37c02fc7c6a4_RETINA_PORTRAIT_16_9.jpg,New Amsterdam Theatre,May30,7:00 PM,"New York, NY",b64e72cb76f4871564a730bf00f64482
Disney’s Aladdin,https://www.ticketmaster.com/aladdin-tickets/artist/1858715?ac_link=broadway_guide_aladdin,https://s1.ticketm.net/dam/a/6a4/0da28702-3bd5-4cc1-b373-37c02fc7c6a4_RETINA_PORTRAIT_16_9.jpg,New Amsterdam Theatre,May31,2:00 PM,"New York, NY",929dd9c9dfec8d170529db74e3b1a22c
Disney’s Aladdin,https://www.ticketmaster.com/aladdin-tickets/artist/1858715?ac_link=broadway_guide_aladdin,https://s1.ticketm.net/dam/a/6a4/0da28702-3bd5-4cc1-b373-37c02fc7c6a4_RETINA_PORTRAIT_16_9.jpg,New Amsterdam Theatre,May31,8:00 PM,"New York, NY",303f7b431b5fff8d2d6567163831dd92
Disney’s Aladdin,https://www.ticketmaster.com/aladdin-tickets/artist/1858715?ac_link=broadway_guide_aladdin,https://s1.ticketm.net/dam/a/6a4/0da28702-3bd5-4cc1-b373-37c02fc7c6a4_RETINA_PORTRAIT_16_9.jpg,New Amsterdam Theatre,Jun01,3:00 PM,"New York, NY",a062bf445f6b014f7e9cc6ab8ce1cf0e
Disney’s Aladdin,https://www.ticketmaster.com/aladdin-tickets/artist/1858715?ac_link=broadway_guide_aladdin,https://s1.ticketm.net/dam/a/6a4/0da28702-3bd5-4cc1-b373-37c02fc7c6a4_RETINA_PORTRAIT_16_9.jpg,New Amsterdam Theatre,Jun03,7:00 PM,"New York, NY",1a6be3b95190bf230f7fb8edb236e200
Disney’s Aladdin,https://www.ticketmaster.com/aladdin-tickets/artist/1858715?ac_link=broadway_guide_aladdin,https://s1.ticketm.net/dam/a/6a4/0da28702-3bd5-4cc1-b373-37c02fc7c6a4_RETINA_PORTRAIT_16_9.jpg,New Amsterdam Theatre,Jun04,1:00 PM,"New York, NY",104e7ce9de2eb3c8bee1e2c614bbf86e
Disney’s Aladdin,https://www.ticketmaster.com/aladdin-tickets/artist/1858715?ac_link=broadway_guide_aladdin,https://s1.ticketm.net/dam/a/6a4/0da28702-3bd5-4cc1-b373-37c02fc7c6a4_RETINA_PORTRAIT_16_9.jpg,New Amsterdam Theatre,Jun04,7:00 PM,"New York, NY",caed7196eb401b2a22ae197c7bb47de9
Disney’s Aladdin,https://www.ticketmaster.com/aladdin-tickets/artist/1858715?ac_link=broadway_guide_aladdin,https://s1.ticketm.net/dam/a/6a4/0da28702-3bd5-4cc1-b373-37c02fc7c6a4_RETINA_PORTRAIT_16_9.jpg,New Amsterdam Theatre,Jun05,7:00 PM,"New York, NY",ec22317fda86ac9048109dae713d919a
Disney’s Aladdin,https://www.ticketmaster.com/aladdin-tickets/artist/1858715?ac_link=broadway_guide_aladdin,https://s1.ticketm.net/dam/a/6a4/0da28702-3bd5-4cc1-b373-37c02fc7c6a4_RETINA_PORTRAIT_16_9.jpg,New Amsterdam Theatre,Jun06,8:00 PM,"New York, NY",55c13ab61e187d0e12460437dfc72ba3
Disney’s Aladdin,https://www.ticketmaster.com/aladdin-tickets/artist/1858715?ac_link=broadway_guide_aladdin,https://s1.ticketm.net/dam/a/6a4/0da28702-3bd5-4cc1-b373-37c02fc7c6a4_RETINA_PORTRAIT_16_9.jpg,New Amsterdam Theatre,Jun07,2:00 PM,"New York, NY",97b2a60ea12755c5564dc4bcbc71e9c4
Disney’s Aladdin,https://www.ticketmaster.com/aladdin-tickets/artist/1858715?ac_link=broadway_guide_aladdin,https://s1.ticketm.net/dam/a/6a4/0da28702-3bd5-4cc1-b373-37c02fc7c6a4_RETINA_PORTRAIT_16_9.jpg,New Amsterdam Theatre,Jun07,8:00 PM,"New York, NY",6563b130e0ac0fef6c1ff25aaf5c6e69
Disney’s Aladdin,https://www.ticketmaster.com/aladdin-tickets/artist/1858715?ac_link=broadway_guide_aladdin,https://s1.ticketm.net/dam/a/6a4/0da28702-3bd5-4cc1-b373-37c02fc7c6a4_RETINA_PORTRAIT_16_9.jpg,New Amsterdam Theatre,Jun08,3:00 PM,"New York, NY",1633220bacd60be7e0ffa836c8195038
Disney’s Aladdin,https://www.ticketmaster.com/aladdin-tickets/artist/1858715?ac_link=broadway_guide_aladdin,https://s1.ticketm.net/dam/a/6a4/0da28702-3bd5-4cc1-b373-37c02fc7c6a4_RETINA_PORTRAIT_16_9.jpg,New Amsterdam Theatre,Jun10,7:00 PM,"New York, NY",7051b167144ff10b304e76f19c8932b6
Disney’s Aladdin,https://www.ticketmaster.com/aladdin-tickets/artist/1858715?ac_link=broadway_guide_aladdin,https://s1.ticketm.net/dam/a/6a4/0da28702-3bd5-4cc1-b373-37c02fc7c6a4_RETINA_PORTRAIT_16_9.jpg,New Amsterdam Theatre,Jun11,1:00 PM,"New York, NY",4b0f2e1f19753858fb951a1f65eaa9e2
Disney’s Aladdin,https://www.ticketmaster.com/aladdin-tickets/artist/1858715?ac_link=broadway_guide_aladdin,https://s1.ticketm.net/dam/a/6a4/0da28702-3bd5-4cc1-b373-37c02fc7c6a4_RETINA_PORTRAIT_16_9.jpg,New Amsterdam Theatre,Jun11,7:00 PM,"New York, NY",dd3ee5b57796dcfbea20bdb8a4a837eb
Disney’s Aladdin,https://www.ticketmaster.com/aladdin-tickets/artist/1858715?ac_link=broadway_guide_aladdin,https://s1.ticketm.net/dam/a/6a4/0da28702-3bd5-4cc1-b373-37c02fc7c6a4_RETINA_PORTRAIT_16_9.jpg,New Amsterdam Theatre,Jun12,7:00 PM,"New York, NY",337511a9205d03c67c0faa00da05f912
Disney’s Aladdin,https://www.ticketmaster.com/aladdin-tickets/artist/1858715?ac_link=broadway_guide_aladdin,https://s1.ticketm.net/dam/a/6a4/0da28702-3bd5-4cc1-b373-37c02fc7c6a4_RETINA_PORTRAIT_16_9.jpg,New Amsterdam Theatre,Jun13,8:00 PM,"New York, NY",1b152c7c72aa8af8c3daf6cce4940105
Disney’s Aladdin,https://www.ticketmaster.com/aladdin-tickets/artist/1858715?ac_link=broadway_guide_aladdin,https://s1.ticketm.net/dam/a/6a4/0da28702-3bd5-4cc1-b373-37c02fc7c6a4_RETINA_PORTRAIT_16_9.jpg,New Amsterdam Theatre,Jun14,2:00 PM,"New York, NY",290f6ec7a71b75576ce7c1da816876fd
Disney’s Aladdin,https://www.ticketmaster.com/aladdin-tickets/artist/1858715?ac_link=broadway_guide_aladdin,https://s1.ticketm.net/dam/a/6a4/0da28702-3bd5-4cc1-b373-37c02fc7c6a4_RETINA_PORTRAIT_16_9.jpg,New Amsterdam Theatre,Jun14,8:00 PM,"New York, NY",f85d17c90c8c75a4208df4cb5e3b9de3
Disney’s Aladdin,https://www.ticketmaster.com/aladdin-tickets/artist/1858715?ac_link=broadway_guide_aladdin,https://s1.ticketm.net/dam/a/6a4/0da28702-3bd5-4cc1-b373-37c02fc7c6a4_RETINA_PORTRAIT_16_9.jpg,New Amsterdam Theatre,Jun15,3:00 PM,"New York, NY",91f80587f669e81d0d140f944538a61a
Disney’s Aladdin,https://www.ticketmaster.com/aladdin-tickets/artist/1858715?ac_link=broadway_guide_aladdin,https://s1.ticketm.net/dam/a/6a4/0da28702-3bd5-4cc1-b373-37c02fc7c6a4_RETINA_PORTRAIT_16_9.jpg,New Amsterdam Theatre,Jun17,7:00 PM,"New York, NY",c1e32e544d3e64939f3de01b46b328d5
Disney’s Aladdin,https://www.ticketmaster.com/aladdin-tickets/artist/1858715?ac_link=broadway_guide_aladdin,https://s1.ticketm.net/dam/a/6a4/0da28702-3bd5-4cc1-b373-37c02fc7c6a4_RETINA_PORTRAIT_16_9.jpg,New Amsterdam Theatre,Jun18,2:00 PM,"New York, NY",a281901ce2e20ccd4b693e8585f4803d
Disney’s Aladdin,https://www.ticketmaster.com/aladdin-tickets/artist/1858715?ac_link=broadway_guide_aladdin,https://s1.ticketm.net/dam/a/6a4/0da28702-3bd5-4cc1-b373-37c02fc7c6a4_RETINA_PORTRAIT_16_9.jpg,New Amsterdam Theatre,Jun18,7:00 PM,"New York, NY",7827044e9dfdd07a2d6349536582c8ce
Disney’s Aladdin,https://www.ticketmaster.com/aladdin-tickets/artist/1858715?ac_link=broadway_guide_aladdin,https://s1.ticketm.net/dam/a/6a4/0da28702-3bd5-4cc1-b373-37c02fc7c6a4_RETINA_PORTRAIT_16_9.jpg,New Amsterdam Theatre,Jun20,8:00 PM,"New York, NY",35ca2bf1dabd8fadb6ff0908ba581394
Disney’s Aladdin,https://www.ticketmaster.com/aladdin-tickets/artist/1858715?ac_link=broadway_guide_aladdin,https://s1.ticketm.net/dam/a/6a4/0da28702-3bd5-4cc1-b373-37c02fc7c6a4_RETINA_PORTRAIT_16_9.jpg,New Amsterdam Theatre,Jun21,2:00 PM,"New York, NY",59bbe84780c36fc55df123c1fa804a7f
Disney’s Aladdin,https://www.ticketmaster.com/aladdin-tickets/artist/1858715?ac_link=broadway_guide_aladdin,https://s1.ticketm.net/dam/a/6a4/0da28702-3bd5-4cc1-b373-37c02fc7c6a4_RETINA_PORTRAIT_16_9.jpg,New Amsterdam Theatre,Jun21,8:00 PM,"New York, NY",c1e4030eb9a99d8e54608b58d1df64da
Disney’s Aladdin,https://www.ticketmaster.com/aladdin-tickets/artist/1858715?ac_link=broadway_guide_aladdin,https://s1.ticketm.net/dam/a/6a4/0da28702-3bd5-4cc1-b373-37c02fc7c6a4_RETINA_PORTRAIT_16_9.jpg,New Amsterdam Theatre,Jun22,1:00 PM,"New York, NY",18f06e3d17a4d74269dbba07099c04e7
Disney’s Aladdin,https://www.ticketmaster.com/aladdin-tickets/artist/1858715?ac_link=broadway_guide_aladdin,https://s1.ticketm.net/dam/a/6a4/0da28702-3bd5-4cc1-b373-37c02fc7c6a4_RETINA_PORTRAIT_16_9.jpg,New Amsterdam Theatre,Jun22,6:30 PM,"New York, NY",03483e44cc5b7f60f53edf9b7ee5d6fe
Disney’s Aladdin,https://www.ticketmaster.com/aladdin-tickets/artist/1858715?ac_link=broadway_guide_aladdin,https://s1.ticketm.net/dam/a/6a4/0da28702-3bd5-4cc1-b373-37c02fc7c6a4_RETINA_PORTRAIT_16_9.jpg,New Amsterdam Theatre,Jun24,7:00 PM,"New York, NY",2eeba4da3b33ae47b9a87b5239442ede
Disney’s Aladdin,https://www.ticketmaster.com/aladdin-tickets/artist/1858715?ac_link=broadway_guide_aladdin,https://s1.ticketm.net/dam/a/6a4/0da28702-3bd5-4cc1-b373-37c02fc7c6a4_RETINA_PORTRAIT_16_9.jpg,New Amsterdam Theatre,Jun25,2:00 PM,"New York, NY",9e71ea1d270cc2ed1d3011e74d35820f
Disney’s Aladdin,https://www.ticketmaster.com/aladdin-tickets/artist/1858715?ac_link=broadway_guide_aladdin,https://s1.ticketm.net/dam/a/6a4/0da28702-3bd5-4cc1-b373-37c02fc7c6a4_RETINA_PORTRAIT_16_9.jpg,New Amsterdam Theatre,Jun25,7:00 PM,"New York, NY",60a4e8889090b740d9d3053ae08bd270
Disney’s Aladdin,https://www.ticketmaster.com/aladdin-tickets/artist/1858715?ac_link=broadway_guide_aladdin,https://s1.ticketm.net/dam/a/6a4/0da28702-3bd5-4cc1-b373-37c02fc7c6a4_RETINA_PORTRAIT_16_9.jpg,New Amsterdam Theatre,Jun26,7:00 PM,"New York, NY",74b56653aef7469842ff34516716b672
Disney’s Aladdin,https://www.ticketmaster.com/aladdin-tickets/artist/1858715?ac_link=broadway_guide_aladdin,https://s1.ticketm.net/dam/a/6a4/0da28702-3bd5-4cc1-b373-37c02fc7c6a4_RETINA_PORTRAIT_16_9.jpg,New Amsterdam Theatre,Jun27,8:00 PM,"New York, NY",3b0e68acbee8e4ea9c5fd44b9b29e0b1
Disney’s Aladdin,https://www.ticketmaster.com/aladdin-tickets/artist/1858715?ac_link=broadway_guide_aladdin,https://s1.ticketm.net/dam/a/6a4/0da28702-3bd5-4cc1-b373-37c02fc7c6a4_RETINA_PORTRAIT_16_9.jpg,New Amsterdam Theatre,Jun28,2:00 PM,"New York, NY",4e6ce05eaad8824fa81eb12485df8975
Disney’s Aladdin,https://www.ticketmaster.com/aladdin-tickets/artist/1858715?ac_link=broadway_guide_aladdin,https://s1.ticketm.net/dam/a/6a4/0da28702-3bd5-4cc1-b373-37c02fc7c6a4_RETINA_PORTRAIT_16_9.jpg,New Amsterdam Theatre,Jun28,8:00 PM,"New York, NY",a6c009f421234154d92eeb86c2ddfbdb
Disney’s Aladdin,https://www.ticketmaster.com/aladdin-tickets/artist/1858715?ac_link=broadway_guide_aladdin,https://s1.ticketm.net/dam/a/6a4/0da28702-3bd5-4cc1-b373-37c02fc7c6a4_RETINA_PORTRAIT_16_9.jpg,New Amsterdam Theatre,Jun29,3:00 PM,"New York, NY",3bb1dbd2ec4fbf6760ea15423a76a175
Disney’s Aladdin,https://www.ticketmaster.com/aladdin-tickets/artist/1858715?ac_link=broadway_guide_aladdin,https://s1.ticketm.net/dam/a/6a4/0da28702-3bd5-4cc1-b373-37c02fc7c6a4_RETINA_PORTRAIT_16_9.jpg,New Amsterdam Theatre,Jul01,7:00 PM,"New York, NY",12d332c86abe0410438e6735237d4f5b
Disney’s Aladdin,https://www.ticketmaster.com/aladdin-tickets/artist/1858715?ac_link=broadway_guide_aladdin,https://s1.ticketm.net/dam/a/6a4/0da28702-3bd5-4cc1-b373-37c02fc7c6a4_RETINA_PORTRAIT_16_9.jpg,New Amsterdam Theatre,Jul02,2:00 PM,"New York, NY",5ed3471ced06a677395ceacde94785b9
Disney’s Aladdin,https://www.ticketmaster.com/aladdin-tickets/artist/1858715?ac_link=broadway_guide_aladdin,https://s1.ticketm.net/dam/a/6a4/0da28702-3bd5-4cc1-b373-37c02fc7c6a4_RETINA_PORTRAIT_16_9.jpg,New Amsterdam Theatre,Jul02,7:00 PM,"New York, NY",1277226dd10eb968cda330c0d5be7375
Disney’s Aladdin,https://www.ticketmaster.com/aladdin-tickets/artist/1858715?ac_link=broadway_guide_aladdin,https://s1.ticketm.net/dam/a/6a4/0da28702-3bd5-4cc1-b373-37c02fc7c6a4_RETINA_PORTRAIT_16_9.jpg,New Amsterdam Theatre,Jul03,2:00 PM,"New York, NY",1eb1e75e600a50ce892edf6ee7466a1f
Disney’s Aladdin,https://www.ticketmaster.com/aladdin-tickets/artist/1858715?ac_link=broadway_guide_aladdin,https://s1.ticketm.net/dam/a/6a4/0da28702-3bd5-4cc1-b373-37c02fc7c6a4_RETINA_PORTRAIT_16_9.jpg,New Amsterdam Theatre,Jul03,7:00 PM,"New York, NY",f4b95a5f4c10e3b21345faa3e90cd667
Disney’s Aladdin,https://www.ticketmaster.com/aladdin-tickets/artist/1858715?ac_link=broadway_guide_aladdin,https://s1.ticketm.net/dam/a/6a4/0da28702-3bd5-4cc1-b373-37c02fc7c6a4_RETINA_PORTRAIT_16_9.jpg,New Amsterdam Theatre,Jul05,2:00 PM,"New York, NY",70314b843cc26f366c896758640a3098
Disney’s Aladdin,https://www.ticketmaster.com/aladdin-tickets/artist/1858715?ac_link=broadway_guide_aladdin,https://s1.ticketm.net/dam/a/6a4/0da28702-3bd5-4cc1-b373-37c02fc7c6a4_RETINA_PORTRAIT_16_9.jpg,New Amsterdam Theatre,Jul05,8:00 PM,"New York, NY",e9fd03f5c691015b4df478e0bd62b80e
Disney’s Aladdin,https://www.ticketmaster.com/aladdin-tickets/artist/1858715?ac_link=broadway_guide_aladdin,https://s1.ticketm.net/dam/a/6a4/0da28702-3bd5-4cc1-b373-37c02fc7c6a4_RETINA_PORTRAIT_16_9.jpg,New Amsterdam Theatre,Jul06,3:00 PM,"New York, NY",dcf1250690e5651486c2eaf0f43d74e0
Disney’s Aladdin,https://www.ticketmaster.com/aladdin-tickets/artist/1858715?ac_link=broadway_guide_aladdin,https://s1.ticketm.net/dam/a/6a4/0da28702-3bd5-4cc1-b373-37c02fc7c6a4_RETINA_PORTRAIT_16_9.jpg,New Amsterdam Theatre,Jul08,7:00 PM,"New York, NY",d80dee8d95218209570d8b2d8437f27a
Disney’s Aladdin,https://www.ticketmaster.com/aladdin-tickets/artist/1858715?ac_link=broadway_guide_aladdin,https://s1.ticketm.net/dam/a/6a4/0da28702-3bd5-4cc1-b373-37c02fc7c6a4_RETINA_PORTRAIT_16_9.jpg,New Amsterdam Theatre,Jul09,2:00 PM,"New York, NY",fe49f5881221685ce95473f43c29614e
Disney’s Aladdin,https://www.ticketmaster.com/aladdin-tickets/artist/1858715?ac_link=broadway_guide_aladdin,https://s1.ticketm.net/dam/a/6a4/0da28702-3bd5-4cc1-b373-37c02fc7c6a4_RETINA_PORTRAIT_16_9.jpg,New Amsterdam Theatre,Jul09,7:00 PM,"New York, NY",9ee6d1601fdf2abdc564a9e148669157
Disney’s Aladdin,https://www.ticketmaster.com/aladdin-tickets/artist/1858715?ac_link=broadway_guide_aladdin,https://s1.ticketm.net/dam/a/6a4/0da28702-3bd5-4cc1-b373-37c02fc7c6a4_RETINA_PORTRAIT_16_9.jpg,New Amsterdam Theatre,Jul10,7:00 PM,"New York, NY",ad998c6e962af3f4e9406ffd85a042d1
Disney’s Aladdin,https://www.ticketmaster.com/aladdin-tickets/artist/1858715?ac_link=broadway_guide_aladdin,https://s1.ticketm.net/dam/a/6a4/0da28702-3bd5-4cc1-b373-37c02fc7c6a4_RETINA_PORTRAIT_16_9.jpg,New Amsterdam Theatre,Jul11,8:00 PM,"New York, NY",3459c51af249eede31e8506c17e732c4
Disney’s Aladdin,https://www.ticketmaster.com/aladdin-tickets/artist/1858715?ac_link=broadway_guide_aladdin,https://s1.ticketm.net/dam/a/6a4/0da28702-3bd5-4cc1-b373-37c02fc7c6a4_RETINA_PORTRAIT_16_9.jpg,New Amsterdam Theatre,Jul12,2:00 PM,"New York, NY",b5c3cbab66b8f57b9e2d25e10d2bf1cb
Disney’s Aladdin,https://www.ticketmaster.com/aladdin-tickets/artist/1858715?ac_link=broadway_guide_aladdin,https://s1.ticketm.net/dam/a/6a4/0da28702-3bd5-4cc1-b373-37c02fc7c6a4_RETINA_PORTRAIT_16_9.jpg,New Amsterdam Theatre,Jul12,8:00 PM,"New York, NY",0a9942e6cbf6999b7cf2a6645e3efc17
Disney’s Aladdin,https://www.ticketmaster.com/aladdin-tickets/artist/1858715?ac_link=broadway_guide_aladdin,https://s1.ticketm.net/dam/a/6a4/0da28702-3bd5-4cc1-b373-37c02fc7c6a4_RETINA_PORTRAIT_16_9.jpg,New Amsterdam Theatre,Jul13,3:00 PM,"New York, NY",86561648745c322ba4dce06ef473a4be
Disney’s Aladdin,https://www.ticketmaster.com/aladdin-tickets/artist/1858715?ac_link=broadway_guide_aladdin,https://s1.ticketm.net/dam/a/6a4/0da28702-3bd5-4cc1-b373-37c02fc7c6a4_RETINA_PORTRAIT_16_9.jpg,New Amsterdam Theatre,Jul15,7:00 PM,"New York, NY",7d0119ba60a550fac8c6e7be65aedab4
Disney’s Aladdin,https://www.ticketmaster.com/aladdin-tickets/artist/1858715?ac_link=broadway_guide_aladdin,https://s1.ticketm.net/dam/a/6a4/0da28702-3bd5-4cc1-b373-37c02fc7c6a4_RETINA_PORTRAIT_16_9.jpg,New Amsterdam Theatre,Jul16,2:00 PM,"New York, NY",f357b254be92a74e71f4f729b43fde52
Disney’s Aladdin,https://www.ticketmaster.com/aladdin-tickets/artist/1858715?ac_link=broadway_guide_aladdin,https://s1.ticketm.net/dam/a/6a4/0da28702-3bd5-4cc1-b373-37c02fc7c6a4_RETINA_PORTRAIT_16_9.jpg,New Amsterdam Theatre,Jul16,7:00 PM,"New York, NY",a7097da053e13b2b9fac58e38619c47d
Disney’s Aladdin,https://www.ticketmaster.com/aladdin-tickets/artist/1858715?ac_link=broadway_guide_aladdin,https://s1.ticketm.net/dam/a/6a4/0da28702-3bd5-4cc1-b373-37c02fc7c6a4_RETINA_PORTRAIT_16_9.jpg,New Amsterdam Theatre,Jul17,7:00 PM,"New York, NY",441afec8c93ecabd8089cec34b1fb799
Disney’s Aladdin,https://www.ticketmaster.com/aladdin-tickets/artist/1858715?ac_link=broadway_guide_aladdin,https://s1.ticketm.net/dam/a/6a4/0da28702-3bd5-4cc1-b373-37c02fc7c6a4_RETINA_PORTRAIT_16_9.jpg,New Amsterdam Theatre,Jul18,8:00 PM,"New York, NY",3b44d1309353d1567911ff005adb27c1
Disney’s Aladdin,https://www.ticketmaster.com/aladdin-tickets/artist/1858715?ac_link=broadway_guide_aladdin,https://s1.ticketm.net/dam/a/6a4/0da28702-3bd5-4cc1-b373-37c02fc7c6a4_RETINA_PORTRAIT_16_9.jpg,New Amsterdam Theatre,Jul19,2:00 PM,"New York, NY",9fe2cc7fb2a16a5136fa268193079d19
Disney’s Aladdin,https://www.ticketmaster.com/aladdin-tickets/artist/1858715?ac_link=broadway_guide_aladdin,https://s1.ticketm.net/dam/a/6a4/0da28702-3bd5-4cc1-b373-37c02fc7c6a4_RETINA_PORTRAIT_16_9.jpg,New Amsterdam Theatre,Jul19,8:00 PM,"New York, NY",b6d5e4675ba7f5716adadd664a995390
Disney’s Aladdin,https://www.ticketmaster.com/aladdin-tickets/artist/1858715?ac_link=broadway_guide_aladdin,https://s1.ticketm.net/dam/a/6a4/0da28702-3bd5-4cc1-b373-37c02fc7c6a4_RETINA_PORTRAIT_16_9.jpg,New Amsterdam Theatre,Jul20,3:00 PM,"New York, NY",d77a5e1b62fd413aa81f590512161411
Disney’s Aladdin,https://www.ticketmaster.com/aladdin-tickets/artist/1858715?ac_link=broadway_guide_aladdin,https://s1.ticketm.net/dam/a/6a4/0da28702-3bd5-4cc1-b373-37c02fc7c6a4_RETINA_PORTRAIT_16_9.jpg,New Amsterdam Theatre,Jul22,7:00 PM,"New York, NY",093c24f071b35745a7eb3f1dc7aadb8f
Disney’s Aladdin,https://www.ticketmaster.com/aladdin-tickets/artist/1858715?ac_link=broadway_guide_aladdin,https://s1.ticketm.net/dam/a/6a4/0da28702-3bd5-4cc1-b373-37c02fc7c6a4_RETINA_PORTRAIT_16_9.jpg,New Amsterdam Theatre,Jul23,2:00 PM,"New York, NY",76287518d7d739857330765a6667e7eb
Disney’s Aladdin,https://www.ticketmaster.com/aladdin-tickets/artist/1858715?ac_link=broadway_guide_aladdin,https://s1.ticketm.net/dam/a/6a4/0da28702-3bd5-4cc1-b373-37c02fc7c6a4_RETINA_PORTRAIT_16_9.jpg,New Amsterdam Theatre,Jul23,7:00 PM,"New York, NY",9ba985926ad2825138e8b91d27eefa24
Disney’s Aladdin,https://www.ticketmaster.com/aladdin-tickets/artist/1858715?ac_link=broadway_guide_aladdin,https://s1.ticketm.net/dam/a/6a4/0da28702-3bd5-4cc1-b373-37c02fc7c6a4_RETINA_PORTRAIT_16_9.jpg,New Amsterdam Theatre,Jul24,7:00 PM,"New York, NY",7706eb23d287a84e61c8171b2fe0ac31
Disney’s Aladdin,https://www.ticketmaster.com/aladdin-tickets/artist/1858715?ac_link=broadway_guide_aladdin,https://s1.ticketm.net/dam/a/6a4/0da28702-3bd5-4cc1-b373-37c02fc7c6a4_RETINA_PORTRAIT_16_9.jpg,New Amsterdam Theatre,Jul25,8:00 PM,"New York, NY",654a017ddb5f34a853481ad053ad8b1a
Disney’s Aladdin,https://www.ticketmaster.com/aladdin-tickets/artist/1858715?ac_link=broadway_guide_aladdin,https://s1.ticketm.net/dam/a/6a4/0da28702-3bd5-4cc1-b373-37c02fc7c6a4_RETINA_PORTRAIT_16_9.jpg,New Amsterdam Theatre,Jul26,2:00 PM,"New York, NY",e32833a08eb31be5697f2af0af0b3526
Disney’s Aladdin,https://www.ticketmaster.com/aladdin-tickets/artist/1858715?ac_link=broadway_guide_aladdin,https://s1.ticketm.net/dam/a/6a4/0da28702-3bd5-4cc1-b373-37c02fc7c6a4_RETINA_PORTRAIT_16_9.jpg,New Amsterdam Theatre,Jul26,8:00 PM,"New York, NY",ffcde8d8d566506bc74085a9522cda10
Disney’s Aladdin,https://www.ticketmaster.com/aladdin-tickets/artist/1858715?ac_link=broadway_guide_aladdin,https://s1.ticketm.net/dam/a/6a4/0da28702-3bd5-4cc1-b373-37c02fc7c6a4_RETINA_PORTRAIT_16_9.jpg,New Amsterdam Theatre,Jul27,3:00 PM,"New York, NY",5aa06ff56cfb2cbe7116849959951783
Disney’s Aladdin,https://www.ticketmaster.com/aladdin-tickets/artist/1858715?ac_link=broadway_guide_aladdin,https://s1.ticketm.net/dam/a/6a4/0da28702-3bd5-4cc1-b373-37c02fc7c6a4_RETINA_PORTRAIT_16_9.jpg,New Amsterdam Theatre,Jul29,7:00 PM,"New York, NY",8df793269697c8afde942e98d19e6fc2
Disney’s Aladdin,https://www.ticketmaster.com/aladdin-tickets/artist/1858715?ac_link=broadway_guide_aladdin,https://s1.ticketm.net/dam/a/6a4/0da28702-3bd5-4cc1-b373-37c02fc7c6a4_RETINA_PORTRAIT_16_9.jpg,New Amsterdam Theatre,Jul30,2:00 PM,"New York, NY",c01c667fb2959970a771bab2bdbc47b8
Disney’s Aladdin,https://www.ticketmaster.com/aladdin-tickets/artist/1858715?ac_link=broadway_guide_aladdin,https://s1.ticketm.net/dam/a/6a4/0da28702-3bd5-4cc1-b373-37c02fc7c6a4_RETINA_PORTRAIT_16_9.jpg,New Amsterdam Theatre,Jul30,7:00 PM,"New York, NY",b6e9cbcb04f9464697f6c09f40409ba9
Disney’s Aladdin,https://www.ticketmaster.com/aladdin-tickets/artist/1858715?ac_link=broadway_guide_aladdin,https://s1.ticketm.net/dam/a/6a4/0da28702-3bd5-4cc1-b373-37c02fc7c6a4_RETINA_PORTRAIT_16_9.jpg,New Amsterdam Theatre,Jul31,7:00 PM,"New York, NY",29bb8488270fe2371e6361bfdc54e824
Disney’s Aladdin,https://www.ticketmaster.com/aladdin-tickets/artist/1858715?ac_link=broadway_guide_aladdin,https://s1.ticketm.net/dam/a/6a4/0da28702-3bd5-4cc1-b373-37c02fc7c6a4_RETINA_PORTRAIT_16_9.jpg,New Amsterdam Theatre,Aug01,8:00 PM,"New York, NY",34e5ee84ff84f3025a3e08bd494935f8
Disney’s Aladdin,https://www.ticketmaster.com/aladdin-tickets/artist/1858715?ac_link=broadway_guide_aladdin,https://s1.ticketm.net/dam/a/6a4/0da28702-3bd5-4cc1-b373-37c02fc7c6a4_RETINA_PORTRAIT_16_9.jpg,New Amsterdam Theatre,Aug02,2:00 PM,"New York, NY",5a8b55dff8c0ce6ef17121a36faf5c12
Disney’s Aladdin,https://www.ticketmaster.com/aladdin-tickets/artist/1858715?ac_link=broadway_guide_aladdin,https://s1.ticketm.net/dam/a/6a4/0da28702-3bd5-4cc1-b373-37c02fc7c6a4_RETINA_PORTRAIT_16_9.jpg,New Amsterdam Theatre,Aug02,8:00 PM,"New York, NY",ddfeea88c876e1acc2643b4d82ffae5f
Disney’s Aladdin,https://www.ticketmaster.com/aladdin-tickets/artist/1858715?ac_link=broadway_guide_aladdin,https://s1.ticketm.net/dam/a/6a4/0da28702-3bd5-4cc1-b373-37c02fc7c6a4_RETINA_PORTRAIT_16_9.jpg,New Amsterdam Theatre,Aug03,3:00 PM,"New York, NY",c6b768551c1f7370eb51e7741d299cac
Disney’s Aladdin,https://www.ticketmaster.com/aladdin-tickets/artist/1858715?ac_link=broadway_guide_aladdin,https://s1.ticketm.net/dam/a/6a4/0da28702-3bd5-4cc1-b373-37c02fc7c6a4_RETINA_PORTRAIT_16_9.jpg,New Amsterdam Theatre,Aug05,7:00 PM,"New York, NY",9b2b1232cb36bb8105326c5ec0da415b
Disney’s Aladdin,https://www.ticketmaster.com/aladdin-tickets/artist/1858715?ac_link=broadway_guide_aladdin,https://s1.ticketm.net/dam/a/6a4/0da28702-3bd5-4cc1-b373-37c02fc7c6a4_RETINA_PORTRAIT_16_9.jpg,New Amsterdam Theatre,Aug06,2:00 PM,"New York, NY",4b83ff00d253dd692ac99ad1f4482a01
Disney’s Aladdin,https://www.ticketmaster.com/aladdin-tickets/artist/1858715?ac_link=broadway_guide_aladdin,https://s1.ticketm.net/dam/a/6a4/0da28702-3bd5-4cc1-b373-37c02fc7c6a4_RETINA_PORTRAIT_16_9.jpg,New Amsterdam Theatre,Aug06,7:00 PM,"New York, NY",00a0f1407651dc9063953a9c152a6677
Disney’s Aladdin,https://www.ticketmaster.com/aladdin-tickets/artist/1858715?ac_link=broadway_guide_aladdin,https://s1.ticketm.net/dam/a/6a4/0da28702-3bd5-4cc1-b373-37c02fc7c6a4_RETINA_PORTRAIT_16_9.jpg,New Amsterdam Theatre,Aug07,7:00 PM,"New York, NY",3c2826e4bd6e600f3165b250749538c6
Disney’s Aladdin,https://www.ticketmaster.com/aladdin-tickets/artist/1858715?ac_link=broadway_guide_aladdin,https://s1.ticketm.net/dam/a/6a4/0da28702-3bd5-4cc1-b373-37c02fc7c6a4_RETINA_PORTRAIT_16_9.jpg,New Amsterdam Theatre,Aug08,8:00 PM,"New York, NY",efeaf772932bf07fd7b90f7fb99e1d29
Disney’s Aladdin,https://www.ticketmaster.com/aladdin-tickets/artist/1858715?ac_link=broadway_guide_aladdin,https://s1.ticketm.net/dam/a/6a4/0da28702-3bd5-4cc1-b373-37c02fc7c6a4_RETINA_PORTRAIT_16_9.jpg,New Amsterdam Theatre,Aug09,2:00 PM,"New York, NY",c27358b151cb9e5c1ad1d4e21521ac24
Disney’s Aladdin,https://www.ticketmaster.com/aladdin-tickets/artist/1858715?ac_link=broadway_guide_aladdin,https://s1.ticketm.net/dam/a/6a4/0da28702-3bd5-4cc1-b373-37c02fc7c6a4_RETINA_PORTRAIT_16_9.jpg,New Amsterdam Theatre,Aug09,8:00 PM,"New York, NY",850b7bc8e8f5973ae6914939ef79fd15
Disney’s Aladdin,https://www.ticketmaster.com/aladdin-tickets/artist/1858715?ac_link=broadway_guide_aladdin,https://s1.ticketm.net/dam/a/6a4/0da28702-3bd5-4cc1-b373-37c02fc7c6a4_RETINA_PORTRAIT_16_9.jpg,New Amsterdam Theatre,Aug10,3:00 PM,"New York, NY",fa89dc6ba76f37e78efe0ccfd05d5af3
Disney’s Aladdin,https://www.ticketmaster.com/aladdin-tickets/artist/1858715?ac_link=broadway_guide_aladdin,https://s1.ticketm.net/dam/a/6a4/0da28702-3bd5-4cc1-b373-37c02fc7c6a4_RETINA_PORTRAIT_16_9.jpg,New Amsterdam Theatre,Aug12,7:00 PM,"New York, NY",ba6bee06fdf8c6a642a59288352a7c63
Disney’s Aladdin,https://www.ticketmaster.com/aladdin-tickets/artist/1858715?ac_link=broadway_guide_aladdin,https://s1.ticketm.net/dam/a/6a4/0da28702-3bd5-4cc1-b373-37c02fc7c6a4_RETINA_PORTRAIT_16_9.jpg,New Amsterdam Theatre,Aug13,7:00 PM,"New York, NY",306d21833829594c25e7176894ac34e4
Disney’s Aladdin,https://www.ticketmaster.com/aladdin-tickets/artist/1858715?ac_link=broadway_guide_aladdin,https://s1.ticketm.net/dam/a/6a4/0da28702-3bd5-4cc1-b373-37c02fc7c6a4_RETINA_PORTRAIT_16_9.jpg,New Amsterdam Theatre,Aug14,7:00 PM,"New York, NY",279812e61f3876f3be6002554e5f3207
Disney’s Aladdin,https://www.ticketmaster.com/aladdin-tickets/artist/1858715?ac_link=broadway_guide_aladdin,https://s1.ticketm.net/dam/a/6a4/0da28702-3bd5-4cc1-b373-37c02fc7c6a4_RETINA_PORTRAIT_16_9.jpg,New Amsterdam Theatre,Aug15,7:00 PM,"New York, NY",6bff0cbeee50396841d7019c911a532b
Disney’s Aladdin,https://www.ticketmaster.com/aladdin-tickets/artist/1858715?ac_link=broadway_guide_aladdin,https://s1.ticketm.net/dam/a/6a4/0da28702-3bd5-4cc1-b373-37c02fc7c6a4_RETINA_PORTRAIT_16_9.jpg,New Amsterdam Theatre,Aug16,2:00 PM,"New York, NY",1e211a3566069bc1fd92f7d9bddefb7b
Disney’s Aladdin,https://www.ticketmaster.com/aladdin-tickets/artist/1858715?ac_link=broadway_guide_aladdin,https://s1.ticketm.net/dam/a/6a4/0da28702-3bd5-4cc1-b373-37c02fc7c6a4_RETINA_PORTRAIT_16_9.jpg,New Amsterdam Theatre,Aug16,8:00 PM,"New York, NY",1c60232b86eda4e0b9cf3004a519ee25
Disney’s Aladdin,https://www.ticketmaster.com/aladdin-tickets/artist/1858715?ac_link=broadway_guide_aladdin,https://s1.ticketm.net/dam/a/6a4/0da28702-3bd5-4cc1-b373-37c02fc7c6a4_RETINA_PORTRAIT_16_9.jpg,New Amsterdam Theatre,Aug17,1:00 PM,"New York, NY",e2af5cb2a965042619656f29ee253b17
Disney’s Aladdin,https://www.ticketmaster.com/aladdin-tickets/artist/1858715?ac_link=broadway_guide_aladdin,https://s1.ticketm.net/dam/a/6a4/0da28702-3bd5-4cc1-b373-37c02fc7c6a4_RETINA_PORTRAIT_16_9.jpg,New Amsterdam Theatre,Aug17,6:30 PM,"New York, NY",c71a5cc3b425e947d6acaa994398fbff
Disney’s Aladdin,https://www.ticketmaster.com/aladdin-tickets/artist/1858715?ac_link=broadway_guide_aladdin,https://s1.ticketm.net/dam/a/6a4/0da28702-3bd5-4cc1-b373-37c02fc7c6a4_RETINA_PORTRAIT_16_9.jpg,New Amsterdam Theatre,Aug19,7:00 PM,"New York, NY",cc7b3d5cfb4ca2d4a0084474e1be53f8
Disney’s Aladdin,https://www.ticketmaster.com/aladdin-tickets/artist/1858715?ac_link=broadway_guide_aladdin,https://s1.ticketm.net/dam/a/6a4/0da28702-3bd5-4cc1-b373-37c02fc7c6a4_RETINA_PORTRAIT_16_9.jpg,New Amsterdam Theatre,Aug20,7:00 PM,"New York, NY",2c89dd90d3ae531301acdc753ea689eb
Disney’s Aladdin,https://www.ticketmaster.com/aladdin-tickets/artist/1858715?ac_link=broadway_guide_aladdin,https://s1.ticketm.net/dam/a/6a4/0da28702-3bd5-4cc1-b373-37c02fc7c6a4_RETINA_PORTRAIT_16_9.jpg,New Amsterdam Theatre,Aug21,7:00 PM,"New York, NY",63f44d9f56ee5722c9e31a95aec31978
Disney’s Aladdin,https://www.ticketmaster.com/aladdin-tickets/artist/1858715?ac_link=broadway_guide_aladdin,https://s1.ticketm.net/dam/a/6a4/0da28702-3bd5-4cc1-b373-37c02fc7c6a4_RETINA_PORTRAIT_16_9.jpg,New Amsterdam Theatre,Aug22,7:00 PM,"New York, NY",7d3e96ee8aba44c32e01dc932b1c9ffa
Disney’s Aladdin,https://www.ticketmaster.com/aladdin-tickets/artist/1858715?ac_link=broadway_guide_aladdin,https://s1.ticketm.net/dam/a/6a4/0da28702-3bd5-4cc1-b373-37c02fc7c6a4_RETINA_PORTRAIT_16_9.jpg,New Amsterdam Theatre,Aug23,2:00 PM,"New York, NY",c17575c937838594a69d4ef57a7f3889
Disney’s Aladdin,https://www.ticketmaster.com/aladdin-tickets/artist/1858715?ac_link=broadway_guide_aladdin,https://s1.ticketm.net/dam/a/6a4/0da28702-3bd5-4cc1-b373-37c02fc7c6a4_RETINA_PORTRAIT_16_9.jpg,New Amsterdam Theatre,Aug23,8:00 PM,"New York, NY",aa79cad68aeeafd64321db5fef38f909
Disney’s Aladdin,https://www.ticketmaster.com/aladdin-tickets/artist/1858715?ac_link=broadway_guide_aladdin,https://s1.ticketm.net/dam/a/6a4/0da28702-3bd5-4cc1-b373-37c02fc7c6a4_RETINA_PORTRAIT_16_9.jpg,New Amsterdam Theatre,Aug24,1:00 PM,"New York, NY",e7586542c870b58e9ea5169a0b692cb3
Disney’s Aladdin,https://www.ticketmaster.com/aladdin-tickets/artist/1858715?ac_link=broadway_guide_aladdin,https://s1.ticketm.net/dam/a/6a4/0da28702-3bd5-4cc1-b373-37c02fc7c6a4_RETINA_PORTRAIT_16_9.jpg,New Amsterdam Theatre,Aug24,6:30 PM,"New York, NY",5bbb7798f3d78740e9f8a9db4623f910
Disney’s Aladdin,https://www.ticketmaster.com/aladdin-tickets/artist/1858715?ac_link=broadway_guide_aladdin,https://s1.ticketm.net/dam/a/6a4/0da28702-3bd5-4cc1-b373-37c02fc7c6a4_RETINA_PORTRAIT_16_9.jpg,New Amsterdam Theatre,Aug26,7:00 PM,"New York, NY",d94ac4875607ed4b4d511a79bcf0cccb
Disney’s Aladdin,https://www.ticketmaster.com/aladdin-tickets/artist/1858715?ac_link=broadway_guide_aladdin,https://s1.ticketm.net/dam/a/6a4/0da28702-3bd5-4cc1-b373-37c02fc7c6a4_RETINA_PORTRAIT_16_9.jpg,New Amsterdam Theatre,Aug27,7:00 PM,"New York, NY",e94f2c849969c16e8fba3ba012e6023f
Disney’s Aladdin,https://www.ticketmaster.com/aladdin-tickets/artist/1858715?ac_link=broadway_guide_aladdin,https://s1.ticketm.net/dam/a/6a4/0da28702-3bd5-4cc1-b373-37c02fc7c6a4_RETINA_PORTRAIT_16_9.jpg,New Amsterdam Theatre,Aug28,7:00 PM,"New York, NY",da5ab49c2fef3a99504a8f7b0c2378dd
Disney’s Aladdin,https://www.ticketmaster.com/aladdin-tickets/artist/1858715?ac_link=broadway_guide_aladdin,https://s1.ticketm.net/dam/a/6a4/0da28702-3bd5-4cc1-b373-37c02fc7c6a4_RETINA_PORTRAIT_16_9.jpg,New Amsterdam Theatre,Aug29,7:00 PM,"New York, NY",294c2aaa36d66a08f00bc2e879bef705
Disney’s Aladdin,https://www.ticketmaster.com/aladdin-tickets/artist/1858715?ac_link=broadway_guide_aladdin,https://s1.ticketm.net/dam/a/6a4/0da28702-3bd5-4cc1-b373-37c02fc7c6a4_RETINA_PORTRAIT_16_9.jpg,New Amsterdam Theatre,Aug30,2:00 PM,"New York, NY",235c4408a91edcf1ddeed5fd44882be7
Disney’s Aladdin,https://www.ticketmaster.com/aladdin-tickets/artist/1858715?ac_link=broadway_guide_aladdin,https://s1.ticketm.net/dam/a/6a4/0da28702-3bd5-4cc1-b373-37c02fc7c6a4_RETINA_PORTRAIT_16_9.jpg,New Amsterdam Theatre,Aug30,8:00 PM,"New York, NY",369ef1084ee86a3a580ddcf0e347bdd7
Disney’s Aladdin,https://www.ticketmaster.com/aladdin-tickets/artist/1858715?ac_link=broadway_guide_aladdin,https://s1.ticketm.net/dam/a/6a4/0da28702-3bd5-4cc1-b373-37c02fc7c6a4_RETINA_PORTRAIT_16_9.jpg,New Amsterdam Theatre,Aug31,1:00 PM,"New York, NY",ced7373a9ae8dd64749e76c78a1a17a3
Disney’s Aladdin,https://www.ticketmaster.com/aladdin-tickets/artist/1858715?ac_link=broadway_guide_aladdin,https://s1.ticketm.net/dam/a/6a4/0da28702-3bd5-4cc1-b373-37c02fc7c6a4_RETINA_PORTRAIT_16_9.jpg,New Amsterdam Theatre,Aug31,6:30 PM,"New York, NY",baa4e1f94ea4a406ae1d3ecef599ec1e
Disney’s Aladdin,https://www.ticketmaster.com/aladdin-tickets/artist/1858715?ac_link=broadway_guide_aladdin,https://s1.ticketm.net/dam/a/6a4/0da28702-3bd5-4cc1-b373-37c02fc7c6a4_RETINA_PORTRAIT_16_9.jpg,New Amsterdam Theatre,Sep02,7:00 PM,"New York, NY",665b8918be69bf179400e34bc2fa1979
Disney’s Aladdin,https://www.ticketmaster.com/aladdin-tickets/artist/1858715?ac_link=broadway_guide_aladdin,https://s1.ticketm.net/dam/a/6a4/0da28702-3bd5-4cc1-b373-37c02fc7c6a4_RETINA_PORTRAIT_16_9.jpg,New Amsterdam Theatre,Sep03,7:00 PM,"New York, NY",789a90cb37a28c81795508b2ea4dc09c
Disney’s Aladdin,https://www.ticketmaster.com/aladdin-tickets/artist/1858715?ac_link=broadway_guide_aladdin,https://s1.ticketm.net/dam/a/6a4/0da28702-3bd5-4cc1-b373-37c02fc7c6a4_RETINA_PORTRAIT_16_9.jpg,New Amsterdam Theatre,Sep04,7:00 PM,"New York, NY",cbeeff47fd09df9c5009ac07fc753b2f
Disney’s Aladdin,https://www.ticketmaster.com/aladdin-tickets/artist/1858715?ac_link=broadway_guide_aladdin,https://s1.ticketm.net/dam/a/6a4/0da28702-3bd5-4cc1-b373-37c02fc7c6a4_RETINA_PORTRAIT_16_9.jpg,New Amsterdam Theatre,Sep05,7:00 PM,"New York, NY",51cbeccb2b925326dbeed6f80db088ef
Disney’s Aladdin,https://www.ticketmaster.com/aladdin-tickets/artist/1858715?ac_link=broadway_guide_aladdin,https://s1.ticketm.net/dam/a/6a4/0da28702-3bd5-4cc1-b373-37c02fc7c6a4_RETINA_PORTRAIT_16_9.jpg,New Amsterdam Theatre,Sep06,2:00 PM,"New York, NY",8d8aa13d45eaae154651241de7da3573
Disney’s Aladdin,https://www.ticketmaster.com/aladdin-tickets/artist/1858715?ac_link=broadway_guide_aladdin,https://s1.ticketm.net/dam/a/6a4/0da28702-3bd5-4cc1-b373-37c02fc7c6a4_RETINA_PORTRAIT_16_9.jpg,New Amsterdam Theatre,Sep06,8:00 PM,"New York, NY",582725a5174e67c36d35a15d3ca623b1
Disney’s Aladdin,https://www.ticketmaster.com/aladdin-tickets/artist/1858715?ac_link=broadway_guide_aladdin,https://s1.ticketm.net/dam/a/6a4/0da28702-3bd5-4cc1-b373-37c02fc7c6a4_RETINA_PORTRAIT_16_9.jpg,New Amsterdam Theatre,Sep07,1:00 PM,"New York, NY",4231fcaed558b1bfda38d61178d8fd2b
Disney’s Aladdin,https://www.ticketmaster.com/aladdin-tickets/artist/1858715?ac_link=broadway_guide_aladdin,https://s1.ticketm.net/dam/a/6a4/0da28702-3bd5-4cc1-b373-37c02fc7c6a4_RETINA_PORTRAIT_16_9.jpg,New Amsterdam Theatre,Sep07,6:30 PM,"New York, NY",642c7704a34a19d442baf1e70c7f567a
Disney’s Aladdin,https://www.ticketmaster.com/aladdin-tickets/artist/1858715?ac_link=broadway_guide_aladdin,https://s1.ticketm.net/dam/a/6a4/0da28702-3bd5-4cc1-b373-37c02fc7c6a4_RETINA_PORTRAIT_16_9.jpg,New Amsterdam Theatre,Sep09,7:00 PM,"New York, NY",338366f1a552c8a09d745b4ae3e2f6c6
Disney’s Aladdin,https://www.ticketmaster.com/aladdin-tickets/artist/1858715?ac_link=broadway_guide_aladdin,https://s1.ticketm.net/dam/a/6a4/0da28702-3bd5-4cc1-b373-37c02fc7c6a4_RETINA_PORTRAIT_16_9.jpg,New Amsterdam Theatre,Sep10,7:00 PM,"New York, NY",0647604ebba5bdddad79dc077cfa0b28
Disney’s Aladdin,https://www.ticketmaster.com/aladdin-tickets/artist/1858715?ac_link=broadway_guide_aladdin,https://s1.ticketm.net/dam/a/6a4/0da28702-3bd5-4cc1-b373-37c02fc7c6a4_RETINA_PORTRAIT_16_9.jpg,New Amsterdam Theatre,Sep11,7:00 PM,"New York, NY",6f1db059b1841de96d913575c0d2e299
Disney’s Aladdin,https://www.ticketmaster.com/aladdin-tickets/artist/1858715?ac_link=broadway_guide_aladdin,https://s1.ticketm.net/dam/a/6a4/0da28702-3bd5-4cc1-b373-37c02fc7c6a4_RETINA_PORTRAIT_16_9.jpg,New Amsterdam Theatre,Sep12,7:00 PM,"New York, NY",de08adf102fd61d499bbb2cfd92d3702
Disney’s Aladdin,https://www.ticketmaster.com/aladdin-tickets/artist/1858715?ac_link=broadway_guide_aladdin,https://s1.ticketm.net/dam/a/6a4/0da28702-3bd5-4cc1-b373-37c02fc7c6a4_RETINA_PORTRAIT_16_9.jpg,New Amsterdam Theatre,Sep13,2:00 PM,"New York, NY",52913432de466fef5604fd5d3f0b34f2
Disney’s Aladdin,https://www.ticketmaster.com/aladdin-tickets/artist/1858715?ac_link=broadway_guide_aladdin,https://s1.ticketm.net/dam/a/6a4/0da28702-3bd5-4cc1-b373-37c02fc7c6a4_RETINA_PORTRAIT_16_9.jpg,New Amsterdam Theatre,Sep13,8:00 PM,"New York, NY",ea508447da12fb0a2c5d52cf482ea7d6
Disney’s Aladdin,https://www.ticketmaster.com/aladdin-tickets/artist/1858715?ac_link=broadway_guide_aladdin,https://s1.ticketm.net/dam/a/6a4/0da28702-3bd5-4cc1-b373-37c02fc7c6a4_RETINA_PORTRAIT_16_9.jpg,New Amsterdam Theatre,Sep14,1:00 PM,"New York, NY",2b45881e442a7406188236740c3746c8
Disney’s Aladdin,https://www.ticketmaster.com/aladdin-tickets/artist/1858715?ac_link=broadway_guide_aladdin,https://s1.ticketm.net/dam/a/6a4/0da28702-3bd5-4cc1-b373-37c02fc7c6a4_RETINA_PORTRAIT_16_9.jpg,New Amsterdam Theatre,Sep14,6:30 PM,"New York, NY",8e7ed9878f7948363ebe62ded41634fe
Disney’s Aladdin,https://www.ticketmaster.com/aladdin-tickets/artist/1858715?ac_link=broadway_guide_aladdin,https://s1.ticketm.net/dam/a/6a4/0da28702-3bd5-4cc1-b373-37c02fc7c6a4_RETINA_PORTRAIT_16_9.jpg,New Amsterdam Theatre,Sep16,7:00 PM,"New York, NY",2e6cf70bf7a60fc614a8c9351d1cf01f
Disney’s Aladdin,https://www.ticketmaster.com/aladdin-tickets/artist/1858715?ac_link=broadway_guide_aladdin,https://s1.ticketm.net/dam/a/6a4/0da28702-3bd5-4cc1-b373-37c02fc7c6a4_RETINA_PORTRAIT_16_9.jpg,New Amsterdam Theatre,Sep17,7:00 PM,"New York, NY",f30cd87cc4a243dfaf41ce78ddf6b29a
Disney’s Aladdin,https://www.ticketmaster.com/aladdin-tickets/artist/1858715?ac_link=broadway_guide_aladdin,https://s1.ticketm.net/dam/a/6a4/0da28702-3bd5-4cc1-b373-37c02fc7c6a4_RETINA_PORTRAIT_16_9.jpg,New Amsterdam Theatre,Sep18,7:00 PM,"New York, NY",5d1860068ae1d64bca201f441bef9e71
Disney’s Aladdin,https://www.ticketmaster.com/aladdin-tickets/artist/1858715?ac_link=broadway_guide_aladdin,https://s1.ticketm.net/dam/a/6a4/0da28702-3bd5-4cc1-b373-37c02fc7c6a4_RETINA_PORTRAIT_16_9.jpg,New Amsterdam Theatre,Sep19,7:00 PM,"New York, NY",738727eea1d18bc5e536443fa869a2e6
Disney’s Aladdin,https://www.ticketmaster.com/aladdin-tickets/artist/1858715?ac_link=broadway_guide_aladdin,https://s1.ticketm.net/dam/a/6a4/0da28702-3bd5-4cc1-b373-37c02fc7c6a4_RETINA_PORTRAIT_16_9.jpg,New Amsterdam Theatre,Sep20,2:00 PM,"New York, NY",51e6b376e118e0ad5a8f33eb0fe25676
Disney’s Aladdin,https://www.ticketmaster.com/aladdin-tickets/artist/1858715?ac_link=broadway_guide_aladdin,https://s1.ticketm.net/dam/a/6a4/0da28702-3bd5-4cc1-b373-37c02fc7c6a4_RETINA_PORTRAIT_16_9.jpg,New Amsterdam Theatre,Sep20,8:00 PM,"New York, NY",7d33c10faf0b2bd54baea2cad8db16d6
Disney’s Aladdin,https://www.ticketmaster.com/aladdin-tickets/artist/1858715?ac_link=broadway_guide_aladdin,https://s1.ticketm.net/dam/a/6a4/0da28702-3bd5-4cc1-b373-37c02fc7c6a4_RETINA_PORTRAIT_16_9.jpg,New Amsterdam Theatre,Sep21,1:00 PM,"New York, NY",5a1978f0abb180109b16c307cedce2ef
Disney’s Aladdin,https://www.ticketmaster.com/aladdin-tickets/artist/1858715?ac_link=broadway_guide_aladdin,https://s1.ticketm.net/dam/a/6a4/0da28702-3bd5-4cc1-b373-37c02fc7c6a4_RETINA_PORTRAIT_16_9.jpg,New Amsterdam Theatre,Sep21,6:30 PM,"New York, NY",7694678644eee759884a3ed70a761e18
Disney’s Aladdin,https://www.ticketmaster.com/aladdin-tickets/artist/1858715?ac_link=broadway_guide_aladdin,https://s1.ticketm.net/dam/a/6a4/0da28702-3bd5-4cc1-b373-37c02fc7c6a4_RETINA_PORTRAIT_16_9.jpg,New Amsterdam Theatre,Sep23,7:00 PM,"New York, NY",191e54a10a75bfde0fce13657d47f670
Disney’s Aladdin,https://www.ticketmaster.com/aladdin-tickets/artist/1858715?ac_link=broadway_guide_aladdin,https://s1.ticketm.net/dam/a/6a4/0da28702-3bd5-4cc1-b373-37c02fc7c6a4_RETINA_PORTRAIT_16_9.jpg,New Amsterdam Theatre,Sep24,7:00 PM,"New York, NY",779f2558d6f80419b043aab19e59795a
Disney’s Aladdin,https://www.ticketmaster.com/aladdin-tickets/artist/1858715?ac_link=broadway_guide_aladdin,https://s1.ticketm.net/dam/a/6a4/0da28702-3bd5-4cc1-b373-37c02fc7c6a4_RETINA_PORTRAIT_16_9.jpg,New Amsterdam Theatre,Sep25,7:00 PM,"New York, NY",4af93dd289285f6ead22bf404daa5f10
Disney’s Aladdin,https://www.ticketmaster.com/aladdin-tickets/artist/1858715?ac_link=broadway_guide_aladdin,https://s1.ticketm.net/dam/a/6a4/0da28702-3bd5-4cc1-b373-37c02fc7c6a4_RETINA_PORTRAIT_16_9.jpg,New Amsterdam Theatre,Sep26,7:00 PM,"New York, NY",04356fe4500a626959eac30c0eaabc5d
Disney’s Aladdin,https://www.ticketmaster.com/aladdin-tickets/artist/1858715?ac_link=broadway_guide_aladdin,https://s1.ticketm.net/dam/a/6a4/0da28702-3bd5-4cc1-b373-37c02fc7c6a4_RETINA_PORTRAIT_16_9.jpg,New Amsterdam Theatre,Sep27,2:00 PM,"New York, NY",c01110b7c67f2057ffb461d80fa8b657
Disney’s Aladdin,https://www.ticketmaster.com/aladdin-tickets/artist/1858715?ac_link=broadway_guide_aladdin,https://s1.ticketm.net/dam/a/6a4/0da28702-3bd5-4cc1-b373-37c02fc7c6a4_RETINA_PORTRAIT_16_9.jpg,New Amsterdam Theatre,Sep27,8:00 PM,"New York, NY",eb12490d2fde9551874a7723ea09ff88
Disney’s Aladdin,https://www.ticketmaster.com/aladdin-tickets/artist/1858715?ac_link=broadway_guide_aladdin,https://s1.ticketm.net/dam/a/6a4/0da28702-3bd5-4cc1-b373-37c02fc7c6a4_RETINA_PORTRAIT_16_9.jpg,New Amsterdam Theatre,Sep28,1:00 PM,"New York, NY",feef8dfc8fd0a149f7c4f0e7b8a1511a
Disney’s Aladdin,https://www.ticketmaster.com/aladdin-tickets/artist/1858715?ac_link=broadway_guide_aladdin,https://s1.ticketm.net/dam/a/6a4/0da28702-3bd5-4cc1-b373-37c02fc7c6a4_RETINA_PORTRAIT_16_9.jpg,New Amsterdam Theatre,Sep28,6:30 PM,"New York, NY",48d946cc9e0342572db377af35a93668
Disney’s Aladdin,https://www.ticketmaster.com/aladdin-tickets/artist/1858715?ac_link=broadway_guide_aladdin,https://s1.ticketm.net/dam/a/6a4/0da28702-3bd5-4cc1-b373-37c02fc7c6a4_RETINA_PORTRAIT_16_9.jpg,New Amsterdam Theatre,Sep30,7:00 PM,"New York, NY",1c5f3ee2d304b45f3d6c602545dfce5b
Disney’s Aladdin,https://www.ticketmaster.com/aladdin-tickets/artist/1858715?ac_link=broadway_guide_aladdin,https://s1.ticketm.net/dam/a/6a4/0da28702-3bd5-4cc1-b373-37c02fc7c6a4_RETINA_PORTRAIT_16_9.jpg,New Amsterdam Theatre,Oct01,7:00 PM,"New York, NY",39d78d64a3e7107c930fe7c6419d4105
Disney’s Aladdin,https://www.ticketmaster.com/aladdin-tickets/artist/1858715?ac_link=broadway_guide_aladdin,https://s1.ticketm.net/dam/a/6a4/0da28702-3bd5-4cc1-b373-37c02fc7c6a4_RETINA_PORTRAIT_16_9.jpg,New Amsterdam Theatre,Oct02,7:00 PM,"New York, NY",1f05eae89baf3b605d59fa818456b6f8
Disney’s Aladdin,https://www.ticketmaster.com/aladdin-tickets/artist/1858715?ac_link=broadway_guide_aladdin,https://s1.ticketm.net/dam/a/6a4/0da28702-3bd5-4cc1-b373-37c02fc7c6a4_RETINA_PORTRAIT_16_9.jpg,New Amsterdam Theatre,Oct03,7:00 PM,"New York, NY",cb636d4c992cc139a03b5db2f0ec8958
Disney’s Aladdin,https://www.ticketmaster.com/aladdin-tickets/artist/1858715?ac_link=broadway_guide_aladdin,https://s1.ticketm.net/dam/a/6a4/0da28702-3bd5-4cc1-b373-37c02fc7c6a4_RETINA_PORTRAIT_16_9.jpg,New Amsterdam Theatre,Oct04,2:00 PM,"New York, NY",bac6a0d6c69c7540c9d7518e50a85c0e
Disney’s Aladdin,https://www.ticketmaster.com/aladdin-tickets/artist/1858715?ac_link=broadway_guide_aladdin,https://s1.ticketm.net/dam/a/6a4/0da28702-3bd5-4cc1-b373-37c02fc7c6a4_RETINA_PORTRAIT_16_9.jpg,New Amsterdam Theatre,Oct04,8:00 PM,"New York, NY",cc956e6259d5aeda94035d5e4f339fec
Disney’s Aladdin,https://www.ticketmaster.com/aladdin-tickets/artist/1858715?ac_link=broadway_guide_aladdin,https://s1.ticketm.net/dam/a/6a4/0da28702-3bd5-4cc1-b373-37c02fc7c6a4_RETINA_PORTRAIT_16_9.jpg,New Amsterdam Theatre,Oct05,1:00 PM,"New York, NY",a2a525a1eba13c358bc8c022ddc5b68c
Disney’s Aladdin,https://www.ticketmaster.com/aladdin-tickets/artist/1858715?ac_link=broadway_guide_aladdin,https://s1.ticketm.net/dam/a/6a4/0da28702-3bd5-4cc1-b373-37c02fc7c6a4_RETINA_PORTRAIT_16_9.jpg,New Amsterdam Theatre,Oct05,6:30 PM,"New York, NY",149d0c7429d0dd072aae550c33e7997b
Disney’s Aladdin,https://www.ticketmaster.com/aladdin-tickets/artist/1858715?ac_link=broadway_guide_aladdin,https://s1.ticketm.net/dam/a/6a4/0da28702-3bd5-4cc1-b373-37c02fc7c6a4_RETINA_PORTRAIT_16_9.jpg,New Amsterdam Theatre,Oct07,7:00 PM,"New York, NY",6503af9c4ec6423bbb7d3ccc716f3c9d
Disney’s Aladdin,https://www.ticketmaster.com/aladdin-tickets/artist/1858715?ac_link=broadway_guide_aladdin,https://s1.ticketm.net/dam/a/6a4/0da28702-3bd5-4cc1-b373-37c02fc7c6a4_RETINA_PORTRAIT_16_9.jpg,New Amsterdam Theatre,Oct08,7:00 PM,"New York, NY",9134b0591e583860d8624ba1b56a225f
Disney’s Aladdin,https://www.ticketmaster.com/aladdin-tickets/artist/1858715?ac_link=broadway_guide_aladdin,https://s1.ticketm.net/dam/a/6a4/0da28702-3bd5-4cc1-b373-37c02fc7c6a4_RETINA_PORTRAIT_16_9.jpg,New Amsterdam Theatre,Oct09,7:00 PM,"New York, NY",661b2e373cb6e1c5297a81c3d6c1a0b0
Disney’s Aladdin,https://www.ticketmaster.com/aladdin-tickets/artist/1858715?ac_link=broadway_guide_aladdin,https://s1.ticketm.net/dam/a/6a4/0da28702-3bd5-4cc1-b373-37c02fc7c6a4_RETINA_PORTRAIT_16_9.jpg,New Amsterdam Theatre,Oct10,7:00 PM,"New York, NY",52734829e7875794ee8f2502c1ae76f9
Disney’s Aladdin,https://www.ticketmaster.com/aladdin-tickets/artist/1858715?ac_link=broadway_guide_aladdin,https://s1.ticketm.net/dam/a/6a4/0da28702-3bd5-4cc1-b373-37c02fc7c6a4_RETINA_PORTRAIT_16_9.jpg,New Amsterdam Theatre,Oct11,2:00 PM,"New York, NY",cd7fe4ebd1b6068b0fa092fde345d010
Disney’s Aladdin,https://www.ticketmaster.com/aladdin-tickets/artist/1858715?ac_link=broadway_guide_aladdin,https://s1.ticketm.net/dam/a/6a4/0da28702-3bd5-4cc1-b373-37c02fc7c6a4_RETINA_PORTRAIT_16_9.jpg,New Amsterdam Theatre,Oct11,8:00 PM,"New York, NY",78ded03cc2f5c02813f240e37efb1ce9
Disney’s Aladdin,https://www.ticketmaster.com/aladdin-tickets/artist/1858715?ac_link=broadway_guide_aladdin,https://s1.ticketm.net/dam/a/6a4/0da28702-3bd5-4cc1-b373-37c02fc7c6a4_RETINA_PORTRAIT_16_9.jpg,New Amsterdam Theatre,Oct12,1:00 PM,"New York, NY",9d839bd82f12f15ecc62cc694a0fa681
Disney’s Aladdin,https://www.ticketmaster.com/aladdin-tickets/artist/1858715?ac_link=broadway_guide_aladdin,https://s1.ticketm.net/dam/a/6a4/0da28702-3bd5-4cc1-b373-37c02fc7c6a4_RETINA_PORTRAIT_16_9.jpg,New Amsterdam Theatre,Oct12,6:30 PM,"New York, NY",e171c3a5e6d9cad93ec3aeeb603f4c3e
Disney’s Aladdin,https://www.ticketmaster.com/aladdin-tickets/artist/1858715?ac_link=broadway_guide_aladdin,https://s1.ticketm.net/dam/a/6a4/0da28702-3bd5-4cc1-b373-37c02fc7c6a4_RETINA_PORTRAIT_16_9.jpg,New Amsterdam Theatre,Oct14,7:00 PM,"New York, NY",ddd4921da05d76820f75120910028f34
Disney’s Aladdin,https://www.ticketmaster.com/aladdin-tickets/artist/1858715?ac_link=broadway_guide_aladdin,https://s1.ticketm.net/dam/a/6a4/0da28702-3bd5-4cc1-b373-37c02fc7c6a4_RETINA_PORTRAIT_16_9.jpg,New Amsterdam Theatre,Oct15,7:00 PM,"New York, NY",2092f89a86c2ef10b465d43ac3b23085
Disney’s Aladdin,https://www.ticketmaster.com/aladdin-tickets/artist/1858715?ac_link=broadway_guide_aladdin,https://s1.ticketm.net/dam/a/6a4/0da28702-3bd5-4cc1-b373-37c02fc7c6a4_RETINA_PORTRAIT_16_9.jpg,New Amsterdam Theatre,Oct16,7:00 PM,"New York, NY",5483ccf9f6df68e6b1be2dc7eef25154
Disney’s Aladdin,https://www.ticketmaster.com/aladdin-tickets/artist/1858715?ac_link=broadway_guide_aladdin,https://s1.ticketm.net/dam/a/6a4/0da28702-3bd5-4cc1-b373-37c02fc7c6a4_RETINA_PORTRAIT_16_9.jpg,New Amsterdam Theatre,Oct17,7:00 PM,"New York, NY",92679f4334dcbf80ce392607ea1f2469
Disney’s Aladdin,https://www.ticketmaster.com/aladdin-tickets/artist/1858715?ac_link=broadway_guide_aladdin,https://s1.ticketm.net/dam/a/6a4/0da28702-3bd5-4cc1-b373-37c02fc7c6a4_RETINA_PORTRAIT_16_9.jpg,New Amsterdam Theatre,Oct18,2:00 PM,"New York, NY",3e6a070b460209b875e51bcac25f9ac6
Disney’s Aladdin,https://www.ticketmaster.com/aladdin-tickets/artist/1858715?ac_link=broadway_guide_aladdin,https://s1.ticketm.net/dam/a/6a4/0da28702-3bd5-4cc1-b373-37c02fc7c6a4_RETINA_PORTRAIT_16_9.jpg,New Amsterdam Theatre,Oct18,8:00 PM,"New York, NY",2a1620530ad1aa9a74641976315ac761
Disney’s Aladdin,https://www.ticketmaster.com/aladdin-tickets/artist/1858715?ac_link=broadway_guide_aladdin,https://s1.ticketm.net/dam/a/6a4/0da28702-3bd5-4cc1-b373-37c02fc7c6a4_RETINA_PORTRAIT_16_9.jpg,New Amsterdam Theatre,Oct19,1:00 PM,"New York, NY",5cf47736fe72cb9cf59aaf3fac34cc95
Disney’s Aladdin,https://www.ticketmaster.com/aladdin-tickets/artist/1858715?ac_link=broadway_guide_aladdin,https://s1.ticketm.net/dam/a/6a4/0da28702-3bd5-4cc1-b373-37c02fc7c6a4_RETINA_PORTRAIT_16_9.jpg,New Amsterdam Theatre,Oct19,6:30 PM,"New York, NY",417edf1a0c06b7a0217f7a1c144ae407
Disney’s Aladdin,https://www.ticketmaster.com/aladdin-tickets/artist/1858715?ac_link=broadway_guide_aladdin,https://s1.ticketm.net/dam/a/6a4/0da28702-3bd5-4cc1-b373-37c02fc7c6a4_RETINA_PORTRAIT_16_9.jpg,New Amsterdam Theatre,Oct21,7:00 PM,"New York, NY",664bb8d526f9fc0de9fb7069a3f7f3f8
Disney’s Aladdin,https://www.ticketmaster.com/aladdin-tickets/artist/1858715?ac_link=broadway_guide_aladdin,https://s1.ticketm.net/dam/a/6a4/0da28702-3bd5-4cc1-b373-37c02fc7c6a4_RETINA_PORTRAIT_16_9.jpg,New Amsterdam Theatre,Oct22,7:00 PM,"New York, NY",b455e7a60aa7f4fae6f72cec53f46d33
Disney’s Aladdin,https://www.ticketmaster.com/aladdin-tickets/artist/1858715?ac_link=broadway_guide_aladdin,https://s1.ticketm.net/dam/a/6a4/0da28702-3bd5-4cc1-b373-37c02fc7c6a4_RETINA_PORTRAIT_16_9.jpg,New Amsterdam Theatre,Oct23,7:00 PM,"New York, NY",4c9753f0a40e96754b9bcf7fba73f8f6
Disney’s Aladdin,https://www.ticketmaster.com/aladdin-tickets/artist/1858715?ac_link=broadway_guide_aladdin,https://s1.ticketm.net/dam/a/6a4/0da28702-3bd5-4cc1-b373-37c02fc7c6a4_RETINA_PORTRAIT_16_9.jpg,New Amsterdam Theatre,Oct24,7:00 PM,"New York, NY",3f7287a98fc0b184cf444668f452ca4f
Disney’s Aladdin,https://www.ticketmaster.com/aladdin-tickets/artist/1858715?ac_link=broadway_guide_aladdin,https://s1.ticketm.net/dam/a/6a4/0da28702-3bd5-4cc1-b373-37c02fc7c6a4_RETINA_PORTRAIT_16_9.jpg,New Amsterdam Theatre,Oct25,2:00 PM,"New York, NY",0c180a10410c5ade052a6a2b58a97c33
Disney’s Aladdin,https://www.ticketmaster.com/aladdin-tickets/artist/1858715?ac_link=broadway_guide_aladdin,https://s1.ticketm.net/dam/a/6a4/0da28702-3bd5-4cc1-b373-37c02fc7c6a4_RETINA_PORTRAIT_16_9.jpg,New Amsterdam Theatre,Oct25,8:00 PM,"New York, NY",2c7e848d66e5defc8c84bc88176239ce
Disney’s Aladdin,https://www.ticketmaster.com/aladdin-tickets/artist/1858715?ac_link=broadway_guide_aladdin,https://s1.ticketm.net/dam/a/6a4/0da28702-3bd5-4cc1-b373-37c02fc7c6a4_RETINA_PORTRAIT_16_9.jpg,New Amsterdam Theatre,Oct26,1:00 PM,"New York, NY",f8f38f9dc54972602927387ce2823378
Disney’s Aladdin,https://www.ticketmaster.com/aladdin-tickets/artist/1858715?ac_link=broadway_guide_aladdin,https://s1.ticketm.net/dam/a/6a4/0da28702-3bd5-4cc1-b373-37c02fc7c6a4_RETINA_PORTRAIT_16_9.jpg,New Amsterdam Theatre,Oct26,6:30 PM,"New York, NY",8c10e103465a1d9cb603236a1b41fa4d
Disney’s Aladdin,https://www.ticketmaster.com/aladdin-tickets/artist/1858715?ac_link=broadway_guide_aladdin,https://s1.ticketm.net/dam/a/6a4/0da28702-3bd5-4cc1-b373-37c02fc7c6a4_RETINA_PORTRAIT_16_9.jpg,New Amsterdam Theatre,Oct28,7:00 PM,"New York, NY",8460f7ea9ac4437480e7cdff65619a88
Disney’s Aladdin,https://www.ticketmaster.com/aladdin-tickets/artist/1858715?ac_link=broadway_guide_aladdin,https://s1.ticketm.net/dam/a/6a4/0da28702-3bd5-4cc1-b373-37c02fc7c6a4_RETINA_PORTRAIT_16_9.jpg,New Amsterdam Theatre,Oct29,7:00 PM,"New York, NY",3c9577ad3f97c84758ad1e0cad25d2a4
Disney’s Aladdin,https://www.ticketmaster.com/aladdin-tickets/artist/1858715?ac_link=broadway_guide_aladdin,https://s1.ticketm.net/dam/a/6a4/0da28702-3bd5-4cc1-b373-37c02fc7c6a4_RETINA_PORTRAIT_16_9.jpg,New Amsterdam Theatre,Oct30,7:00 PM,"New York, NY",7fb2822da2d45a480c07842373fd7026
Disney’s Aladdin,https://www.ticketmaster.com/aladdin-tickets/artist/1858715?ac_link=broadway_guide_aladdin,https://s1.ticketm.net/dam/a/6a4/0da28702-3bd5-4cc1-b373-37c02fc7c6a4_RETINA_PORTRAIT_16_9.jpg,New Amsterdam Theatre,Oct31,7:00 PM,"New York, NY",94c69a2fccd251028a2d186cbb79f5ac
Disney’s Aladdin,https://www.ticketmaster.com/aladdin-tickets/artist/1858715?ac_link=broadway_guide_aladdin,https://s1.ticketm.net/dam/a/6a4/0da28702-3bd5-4cc1-b373-37c02fc7c6a4_RETINA_PORTRAIT_16_9.jpg,New Amsterdam Theatre,Nov01,2:00 PM,"New York, NY",e7770bae0f3633526199248fd97bdad5
Disney’s Aladdin,https://www.ticketmaster.com/aladdin-tickets/artist/1858715?ac_link=broadway_guide_aladdin,https://s1.ticketm.net/dam/a/6a4/0da28702-3bd5-4cc1-b373-37c02fc7c6a4_RETINA_PORTRAIT_16_9.jpg,New Amsterdam Theatre,Nov01,8:00 PM,"New York, NY",b62911aaafad2e967dd200aea0d2a466
Disney’s Aladdin,https://www.ticketmaster.com/aladdin-tickets/artist/1858715?ac_link=broadway_guide_aladdin,https://s1.ticketm.net/dam/a/6a4/0da28702-3bd5-4cc1-b373-37c02fc7c6a4_RETINA_PORTRAIT_16_9.jpg,New Amsterdam Theatre,Nov02,1:00 PM,"New York, NY",8e631a2c95c3ac4695514cc432590b04
Disney’s Aladdin,https://www.ticketmaster.com/aladdin-tickets/artist/1858715?ac_link=broadway_guide_aladdin,https://s1.ticketm.net/dam/a/6a4/0da28702-3bd5-4cc1-b373-37c02fc7c6a4_RETINA_PORTRAIT_16_9.jpg,New Amsterdam Theatre,Nov02,6:30 PM,"New York, NY",002bc580453522c9b793e4d5a7988c36
Disney’s Aladdin,https://www.ticketmaster.com/aladdin-tickets/artist/1858715?ac_link=broadway_guide_aladdin,https://s1.ticketm.net/dam/a/6a4/0da28702-3bd5-4cc1-b373-37c02fc7c6a4_RETINA_PORTRAIT_16_9.jpg,New Amsterdam Theatre,Nov04,7:00 PM,"New York, NY",13e2c3169987a77c1f4d0bb063f127b2
Disney’s Aladdin,https://www.ticketmaster.com/aladdin-tickets/artist/1858715?ac_link=broadway_guide_aladdin,https://s1.ticketm.net/dam/a/6a4/0da28702-3bd5-4cc1-b373-37c02fc7c6a4_RETINA_PORTRAIT_16_9.jpg,New Amsterdam Theatre,Nov05,7:00 PM,"New York, NY",6e906f17ed58c6bf43d61b3bdd4d9558
Disney’s Aladdin,https://www.ticketmaster.com/aladdin-tickets/artist/1858715?ac_link=broadway_guide_aladdin,https://s1.ticketm.net/dam/a/6a4/0da28702-3bd5-4cc1-b373-37c02fc7c6a4_RETINA_PORTRAIT_16_9.jpg,New Amsterdam Theatre,Nov06,7:00 PM,"New York, NY",68bdd2124b532fc26f84fe3c6ea4ca5f
Disney’s Aladdin,https://www.ticketmaster.com/aladdin-tickets/artist/1858715?ac_link=broadway_guide_aladdin,https://s1.ticketm.net/dam/a/6a4/0da28702-3bd5-4cc1-b373-37c02fc7c6a4_RETINA_PORTRAIT_16_9.jpg,New Amsterdam Theatre,Nov07,8:00 PM,"New York, NY",cf91bfa2c0787d17923ffe1ab6b89e87
Disney’s Aladdin,https://www.ticketmaster.com/aladdin-tickets/artist/1858715?ac_link=broadway_guide_aladdin,https://s1.ticketm.net/dam/a/6a4/0da28702-3bd5-4cc1-b373-37c02fc7c6a4_RETINA_PORTRAIT_16_9.jpg,New Amsterdam Theatre,Nov08,2:00 PM,"New York, NY",947eba5fb64fcbb411a01822c47c80c4
Disney’s Aladdin,https://www.ticketmaster.com/aladdin-tickets/artist/1858715?ac_link=broadway_guide_aladdin,https://s1.ticketm.net/dam/a/6a4/0da28702-3bd5-4cc1-b373-37c02fc7c6a4_RETINA_PORTRAIT_16_9.jpg,New Amsterdam Theatre,Nov08,8:00 PM,"New York, NY",bb5d9bd5ce91365610b0be65587bf1eb
Disney’s Aladdin,https://www.ticketmaster.com/aladdin-tickets/artist/1858715?ac_link=broadway_guide_aladdin,https://s1.ticketm.net/dam/a/6a4/0da28702-3bd5-4cc1-b373-37c02fc7c6a4_RETINA_PORTRAIT_16_9.jpg,New Amsterdam Theatre,Nov09,1:00 PM,"New York, NY",9e10f120d3c2cc62b42593d80296d727
Disney’s Aladdin,https://www.ticketmaster.com/aladdin-tickets/artist/1858715?ac_link=broadway_guide_aladdin,https://s1.ticketm.net/dam/a/6a4/0da28702-3bd5-4cc1-b373-37c02fc7c6a4_RETINA_PORTRAIT_16_9.jpg,New Amsterdam Theatre,Nov09,6:30 PM,"New York, NY",207b5f830bf2cfd97c6b241100115699
Disney’s Aladdin,https://www.ticketmaster.com/aladdin-tickets/artist/1858715?ac_link=broadway_guide_aladdin,https://s1.ticketm.net/dam/a/6a4/0da28702-3bd5-4cc1-b373-37c02fc7c6a4_RETINA_PORTRAIT_16_9.jpg,New Amsterdam Theatre,Nov11,7:00 PM,"New York, NY",23296fa547831e52f63efbad8c345e70
Disney’s Aladdin,https://www.ticketmaster.com/aladdin-tickets/artist/1858715?ac_link=broadway_guide_aladdin,https://s1.ticketm.net/dam/a/6a4/0da28702-3bd5-4cc1-b373-37c02fc7c6a4_RETINA_PORTRAIT_16_9.jpg,New Amsterdam Theatre,Nov12,7:00 PM,"New York, NY",2064fd0b391b6f24a5ca39bd1914c552
Disney’s Aladdin,https://www.ticketmaster.com/aladdin-tickets/artist/1858715?ac_link=broadway_guide_aladdin,https://s1.ticketm.net/dam/a/6a4/0da28702-3bd5-4cc1-b373-37c02fc7c6a4_RETINA_PORTRAIT_16_9.jpg,New Amsterdam Theatre,Nov13,7:00 PM,"New York, NY",92c39f5f1853bb6a00e98f1581420c21
Disney’s Aladdin,https://www.ticketmaster.com/aladdin-tickets/artist/1858715?ac_link=broadway_guide_aladdin,https://s1.ticketm.net/dam/a/6a4/0da28702-3bd5-4cc1-b373-37c02fc7c6a4_RETINA_PORTRAIT_16_9.jpg,New Amsterdam Theatre,Nov14,8:00 PM,"New York, NY",4d35305f717801f707fa91800947e47d
Disney’s Aladdin,https://www.ticketmaster.com/aladdin-tickets/artist/1858715?ac_link=broadway_guide_aladdin,https://s1.ticketm.net/dam/a/6a4/0da28702-3bd5-4cc1-b373-37c02fc7c6a4_RETINA_PORTRAIT_16_9.jpg,New Amsterdam Theatre,Nov15,2:00 PM,"New York, NY",deb340b1b6ef377bd6d36f3100cf0d7b
Disney’s Aladdin,https://www.ticketmaster.com/aladdin-tickets/artist/1858715?ac_link=broadway_guide_aladdin,https://s1.ticketm.net/dam/a/6a4/0da28702-3bd5-4cc1-b373-37c02fc7c6a4_RETINA_PORTRAIT_16_9.jpg,New Amsterdam Theatre,Nov15,8:00 PM,"New York, NY",9e98d71dba046eeeaca195d58aea55ac
Disney’s Aladdin,https://www.ticketmaster.com/aladdin-tickets/artist/1858715?ac_link=broadway_guide_aladdin,https://s1.ticketm.net/dam/a/6a4/0da28702-3bd5-4cc1-b373-37c02fc7c6a4_RETINA_PORTRAIT_16_9.jpg,New Amsterdam Theatre,Nov16,1:00 PM,"New York, NY",dca6b17ea4aba328e47af9dc1e0d9efd
Disney’s Aladdin,https://www.ticketmaster.com/aladdin-tickets/artist/1858715?ac_link=broadway_guide_aladdin,https://s1.ticketm.net/dam/a/6a4/0da28702-3bd5-4cc1-b373-37c02fc7c6a4_RETINA_PORTRAIT_16_9.jpg,New Amsterdam Theatre,Nov16,6:30 PM,"New York, NY",32b04a8423cdfda11c86efe525cf55a2
Disney’s Aladdin,https://www.ticketmaster.com/aladdin-tickets/artist/1858715?ac_link=broadway_guide_aladdin,https://s1.ticketm.net/dam/a/6a4/0da28702-3bd5-4cc1-b373-37c02fc7c6a4_RETINA_PORTRAIT_16_9.jpg,New Amsterdam Theatre,Nov18,7:00 PM,"New York, NY",2854600b9da8a7cb620b603563f805e8
Disney’s Aladdin,https://www.ticketmaster.com/aladdin-tickets/artist/1858715?ac_link=broadway_guide_aladdin,https://s1.ticketm.net/dam/a/6a4/0da28702-3bd5-4cc1-b373-37c02fc7c6a4_RETINA_PORTRAIT_16_9.jpg,New Amsterdam Theatre,Nov19,7:00 PM,"New York, NY",63bfbcb19576bc25d98da35203ae2794
Disney’s Aladdin,https://www.ticketmaster.com/aladdin-tickets/artist/1858715?ac_link=broadway_guide_aladdin,https://s1.ticketm.net/dam/a/6a4/0da28702-3bd5-4cc1-b373-37c02fc7c6a4_RETINA_PORTRAIT_16_9.jpg,New Amsterdam Theatre,Nov20,7:00 PM,"New York, NY",0fc87a2ec4ab77802e5476135213fd90
Disney’s Aladdin,https://www.ticketmaster.com/aladdin-tickets/artist/1858715?ac_link=broadway_guide_aladdin,https://s1.ticketm.net/dam/a/6a4/0da28702-3bd5-4cc1-b373-37c02fc7c6a4_RETINA_PORTRAIT_16_9.jpg,New Amsterdam Theatre,Nov21,8:00 PM,"New York, NY",4fcf76d6bb6c4961c502c8ae2763ff08
Disney’s Aladdin,https://www.ticketmaster.com/aladdin-tickets/artist/1858715?ac_link=broadway_guide_aladdin,https://s1.ticketm.net/dam/a/6a4/0da28702-3bd5-4cc1-b373-37c02fc7c6a4_RETINA_PORTRAIT_16_9.jpg,New Amsterdam Theatre,Nov22,2:00 PM,"New York, NY",40f804a6808ef6ad4555bd8517ce8207
Disney’s Aladdin,https://www.ticketmaster.com/aladdin-tickets/artist/1858715?ac_link=broadway_guide_aladdin,https://s1.ticketm.net/dam/a/6a4/0da28702-3bd5-4cc1-b373-37c02fc7c6a4_RETINA_PORTRAIT_16_9.jpg,New Amsterdam Theatre,Nov22,8:00 PM,"New York, NY",c89a7f97eaba125c9bafc259405c8d88
Disney’s Aladdin,https://www.ticketmaster.com/aladdin-tickets/artist/1858715?ac_link=broadway_guide_aladdin,https://s1.ticketm.net/dam/a/6a4/0da28702-3bd5-4cc1-b373-37c02fc7c6a4_RETINA_PORTRAIT_16_9.jpg,New Amsterdam Theatre,Nov23,1:00 PM,"New York, NY",ae8a50931d67cf881b7907c6cc40440d
Disney’s Aladdin,https://www.ticketmaster.com/aladdin-tickets/artist/1858715?ac_link=broadway_guide_aladdin,https://s1.ticketm.net/dam/a/6a4/0da28702-3bd5-4cc1-b373-37c02fc7c6a4_RETINA_PORTRAIT_16_9.jpg,New Amsterdam Theatre,Nov23,6:30 PM,"New York, NY",02692d335036678b513b38cdcbb9be28
Disney’s Aladdin,https://www.ticketmaster.com/aladdin-tickets/artist/1858715?ac_link=broadway_guide_aladdin,https://s1.ticketm.net/dam/a/6a4/0da28702-3bd5-4cc1-b373-37c02fc7c6a4_RETINA_PORTRAIT_16_9.jpg,New Amsterdam Theatre,Nov25,7:00 PM,"New York, NY",edb2c546312c2d4fcb300c79f39041ef
Disney’s Aladdin,https://www.ticketmaster.com/aladdin-tickets/artist/1858715?ac_link=broadway_guide_aladdin,https://s1.ticketm.net/dam/a/6a4/0da28702-3bd5-4cc1-b373-37c02fc7c6a4_RETINA_PORTRAIT_16_9.jpg,New Amsterdam Theatre,Nov26,1:00 PM,"New York, NY",2c55851e2fb875016d4a8276467a42c2
Disney’s Aladdin,https://www.ticketmaster.com/aladdin-tickets/artist/1858715?ac_link=broadway_guide_aladdin,https://s1.ticketm.net/dam/a/6a4/0da28702-3bd5-4cc1-b373-37c02fc7c6a4_RETINA_PORTRAIT_16_9.jpg,New Amsterdam Theatre,Nov26,7:00 PM,"New York, NY",bb579cc9c2eed7d206a9028ed1a0dd1a
Disney’s Aladdin,https://www.ticketmaster.com/aladdin-tickets/artist/1858715?ac_link=broadway_guide_aladdin,https://s1.ticketm.net/dam/a/6a4/0da28702-3bd5-4cc1-b373-37c02fc7c6a4_RETINA_PORTRAIT_16_9.jpg,New Amsterdam Theatre,Nov28,2:00 PM,"New York, NY",837f4f73cd928c5917c2debabafba223
Disney’s Aladdin,https://www.ticketmaster.com/aladdin-tickets/artist/1858715?ac_link=broadway_guide_aladdin,https://s1.ticketm.net/dam/a/6a4/0da28702-3bd5-4cc1-b373-37c02fc7c6a4_RETINA_PORTRAIT_16_9.jpg,New Amsterdam Theatre,Nov28,8:00 PM,"New York, NY",e195b6b41a1a187d61ca2b7ad2feb49d
Disney’s Aladdin,https://www.ticketmaster.com/aladdin-tickets/artist/1858715?ac_link=broadway_guide_aladdin,https://s1.ticketm.net/dam/a/6a4/0da28702-3bd5-4cc1-b373-37c02fc7c6a4_RETINA_PORTRAIT_16_9.jpg,New Amsterdam Theatre,Nov29,2:00 PM,"New York, NY",06fec385a010e2d75df31f262d712d8c
Disney’s Aladdin,https://www.ticketmaster.com/aladdin-tickets/artist/1858715?ac_link=broadway_guide_aladdin,https://s1.ticketm.net/dam/a/6a4/0da28702-3bd5-4cc1-b373-37c02fc7c6a4_RETINA_PORTRAIT_16_9.jpg,New Amsterdam Theatre,Nov29,8:00 PM,"New York, NY",adfeb9609f70d66510926b5efe08ec2d
Disney’s Aladdin,https://www.ticketmaster.com/aladdin-tickets/artist/1858715?ac_link=broadway_guide_aladdin,https://s1.ticketm.net/dam/a/6a4/0da28702-3bd5-4cc1-b373-37c02fc7c6a4_RETINA_PORTRAIT_16_9.jpg,New Amsterdam Theatre,Nov30,3:00 PM,"New York, NY",5eef9365bee1ed52dc77c1dee5166d42
Disney’s Aladdin,https://www.ticketmaster.com/aladdin-tickets/artist/1858715?ac_link=broadway_guide_aladdin,https://s1.ticketm.net/dam/a/6a4/0da28702-3bd5-4cc1-b373-37c02fc7c6a4_RETINA_PORTRAIT_16_9.jpg,New Amsterdam Theatre,Dec02,7:00 PM,"New York, NY",bbbcd5bf5d5fc81457a0d566f5ee406d
Disney’s Aladdin,https://www.ticketmaster.com/aladdin-tickets/artist/1858715?ac_link=broadway_guide_aladdin,https://s1.ticketm.net/dam/a/6a4/0da28702-3bd5-4cc1-b373-37c02fc7c6a4_RETINA_PORTRAIT_16_9.jpg,New Amsterdam Theatre,Dec03,1:00 PM,"New York, NY",6beb32ee64faca4368ac8853fc88193a
Disney’s Aladdin,https://www.ticketmaster.com/aladdin-tickets/artist/1858715?ac_link=broadway_guide_aladdin,https://s1.ticketm.net/dam/a/6a4/0da28702-3bd5-4cc1-b373-37c02fc7c6a4_RETINA_PORTRAIT_16_9.jpg,New Amsterdam Theatre,Dec04,7:00 PM,"New York, NY",94f5993dc5b442f80ec10b92680e3b4b
Disney’s Aladdin,https://www.ticketmaster.com/aladdin-tickets/artist/1858715?ac_link=broadway_guide_aladdin,https://s1.ticketm.net/dam/a/6a4/0da28702-3bd5-4cc1-b373-37c02fc7c6a4_RETINA_PORTRAIT_16_9.jpg,New Amsterdam Theatre,Dec05,8:00 PM,"New York, NY",d554e47279f732f828912b28284ecdc2
Disney’s Aladdin,https://www.ticketmaster.com/aladdin-tickets/artist/1858715?ac_link=broadway_guide_aladdin,https://s1.ticketm.net/dam/a/6a4/0da28702-3bd5-4cc1-b373-37c02fc7c6a4_RETINA_PORTRAIT_16_9.jpg,New Amsterdam Theatre,Dec06,2:00 PM,"New York, NY",373b133bfa77380a1ca876295ec28886
Disney’s Aladdin,https://www.ticketmaster.com/aladdin-tickets/artist/1858715?ac_link=broadway_guide_aladdin,https://s1.ticketm.net/dam/a/6a4/0da28702-3bd5-4cc1-b373-37c02fc7c6a4_RETINA_PORTRAIT_16_9.jpg,New Amsterdam Theatre,Dec06,8:00 PM,"New York, NY",5e337ca6f863ebd3d40cf28c1a402fa4
Disney’s Aladdin,https://www.ticketmaster.com/aladdin-tickets/artist/1858715?ac_link=broadway_guide_aladdin,https://s1.ticketm.net/dam/a/6a4/0da28702-3bd5-4cc1-b373-37c02fc7c6a4_RETINA_PORTRAIT_16_9.jpg,New Amsterdam Theatre,Dec07,1:00 PM,"New York, NY",bff62334f99ffd9490fc06d90b3c8903
Disney’s Aladdin,https://www.ticketmaster.com/aladdin-tickets/artist/1858715?ac_link=broadway_guide_aladdin,https://s1.ticketm.net/dam/a/6a4/0da28702-3bd5-4cc1-b373-37c02fc7c6a4_RETINA_PORTRAIT_16_9.jpg,New Amsterdam Theatre,Dec07,6:30 PM,"New York, NY",3df8657b0b7a43c341b27a43959f81d1
Disney’s Aladdin,https://www.ticketmaster.com/aladdin-tickets/artist/1858715?ac_link=broadway_guide_aladdin,https://s1.ticketm.net/dam/a/6a4/0da28702-3bd5-4cc1-b373-37c02fc7c6a4_RETINA_PORTRAIT_16_9.jpg,New Amsterdam Theatre,Dec09,7:00 PM,"New York, NY",9802b4267d3e2296da8ca1159a7ecdc0
Disney’s Aladdin,https://www.ticketmaster.com/aladdin-tickets/artist/1858715?ac_link=broadway_guide_aladdin,https://s1.ticketm.net/dam/a/6a4/0da28702-3bd5-4cc1-b373-37c02fc7c6a4_RETINA_PORTRAIT_16_9.jpg,New Amsterdam Theatre,Dec10,7:00 PM,"New York, NY",d21b761c4baf17619ec1124ab07de506
Disney’s Aladdin,https://www.ticketmaster.com/aladdin-tickets/artist/1858715?ac_link=broadway_guide_aladdin,https://s1.ticketm.net/dam/a/6a4/0da28702-3bd5-4cc1-b373-37c02fc7c6a4_RETINA_PORTRAIT_16_9.jpg,New Amsterdam Theatre,Dec11,7:00 PM,"New York, NY",2ebbd0e38ecbde68195f8c9138df1232
Disney’s Aladdin,https://www.ticketmaster.com/aladdin-tickets/artist/1858715?ac_link=broadway_guide_aladdin,https://s1.ticketm.net/dam/a/6a4/0da28702-3bd5-4cc1-b373-37c02fc7c6a4_RETINA_PORTRAIT_16_9.jpg,New Amsterdam Theatre,Dec12,8:00 PM,"New York, NY",dc003f76b7a3e3f84107e75cbb3ab1c3
Disney’s Aladdin,https://www.ticketmaster.com/aladdin-tickets/artist/1858715?ac_link=broadway_guide_aladdin,https://s1.ticketm.net/dam/a/6a4/0da28702-3bd5-4cc1-b373-37c02fc7c6a4_RETINA_PORTRAIT_16_9.jpg,New Amsterdam Theatre,Dec13,2:00 PM,"New York, NY",f8d0bd939d9c764ba51666537d2e26ae
Disney’s Aladdin,https://www.ticketmaster.com/aladdin-tickets/artist/1858715?ac_link=broadway_guide_aladdin,https://s1.ticketm.net/dam/a/6a4/0da28702-3bd5-4cc1-b373-37c02fc7c6a4_RETINA_PORTRAIT_16_9.jpg,New Amsterdam Theatre,Dec13,8:00 PM,"New York, NY",01bbbb60ff1ba9ac532624d57bfae1d6
Disney’s Aladdin,https://www.ticketmaster.com/aladdin-tickets/artist/1858715?ac_link=broadway_guide_aladdin,https://s1.ticketm.net/dam/a/6a4/0da28702-3bd5-4cc1-b373-37c02fc7c6a4_RETINA_PORTRAIT_16_9.jpg,New Amsterdam Theatre,Dec14,1:00 PM,"New York, NY",231659e625f558b947ca0b13b2b634bb
Disney’s Aladdin,https://www.ticketmaster.com/aladdin-tickets/artist/1858715?ac_link=broadway_guide_aladdin,https://s1.ticketm.net/dam/a/6a4/0da28702-3bd5-4cc1-b373-37c02fc7c6a4_RETINA_PORTRAIT_16_9.jpg,New Amsterdam Theatre,Dec14,6:30 PM,"New York, NY",aa98e0fb5aa01262e17efdd22972975c
Disney’s Aladdin,https://www.ticketmaster.com/aladdin-tickets/artist/1858715?ac_link=broadway_guide_aladdin,https://s1.ticketm.net/dam/a/6a4/0da28702-3bd5-4cc1-b373-37c02fc7c6a4_RETINA_PORTRAIT_16_9.jpg,New Amsterdam Theatre,Dec16,7:00 PM,"New York, NY",d1f3aea8621a8805498a79ffe89b90ce
Disney’s Aladdin,https://www.ticketmaster.com/aladdin-tickets/artist/1858715?ac_link=broadway_guide_aladdin,https://s1.ticketm.net/dam/a/6a4/0da28702-3bd5-4cc1-b373-37c02fc7c6a4_RETINA_PORTRAIT_16_9.jpg,New Amsterdam Theatre,Dec17,7:00 PM,"New York, NY",5e4b1ac2c8d82868bc89d4122fd55f0b
Disney’s Aladdin,https://www.ticketmaster.com/aladdin-tickets/artist/1858715?ac_link=broadway_guide_aladdin,https://s1.ticketm.net/dam/a/6a4/0da28702-3bd5-4cc1-b373-37c02fc7c6a4_RETINA_PORTRAIT_16_9.jpg,New Amsterdam Theatre,Dec18,7:00 PM,"New York, NY",d44604038f8972837b21437e29f03275
Disney’s Aladdin,https://www.ticketmaster.com/aladdin-tickets/artist/1858715?ac_link=broadway_guide_aladdin,https://s1.ticketm.net/dam/a/6a4/0da28702-3bd5-4cc1-b373-37c02fc7c6a4_RETINA_PORTRAIT_16_9.jpg,New Amsterdam Theatre,Dec19,8:00 PM,"New York, NY",5dd91dbc3ee22b5979660d4ce54c9494
Disney’s Aladdin,https://www.ticketmaster.com/aladdin-tickets/artist/1858715?ac_link=broadway_guide_aladdin,https://s1.ticketm.net/dam/a/6a4/0da28702-3bd5-4cc1-b373-37c02fc7c6a4_RETINA_PORTRAIT_16_9.jpg,New Amsterdam Theatre,Dec20,2:00 PM,"New York, NY",c5e84535cf55d9b1f2277bf8cc7ac517
Disney’s Aladdin,https://www.ticketmaster.com/aladdin-tickets/artist/1858715?ac_link=broadway_guide_aladdin,https://s1.ticketm.net/dam/a/6a4/0da28702-3bd5-4cc1-b373-37c02fc7c6a4_RETINA_PORTRAIT_16_9.jpg,New Amsterdam Theatre,Dec20,8:00 PM,"New York, NY",be29864da34b58d735b68d07b00a3b6e
Disney’s Aladdin,https://www.ticketmaster.com/aladdin-tickets/artist/1858715?ac_link=broadway_guide_aladdin,https://s1.ticketm.net/dam/a/6a4/0da28702-3bd5-4cc1-b373-37c02fc7c6a4_RETINA_PORTRAIT_16_9.jpg,New Amsterdam Theatre,Dec21,1:00 PM,"New York, NY",7089da4e89b818c37cd197cead9ecb40
Disney’s Aladdin,https://www.ticketmaster.com/aladdin-tickets/artist/1858715?ac_link=broadway_guide_aladdin,https://s1.ticketm.net/dam/a/6a4/0da28702-3bd5-4cc1-b373-37c02fc7c6a4_RETINA_PORTRAIT_16_9.jpg,New Amsterdam Theatre,Dec21,6:30 PM,"New York, NY",7a7b3946416c7c4650f7c997cf27d307
Disney’s Aladdin,https://www.ticketmaster.com/aladdin-tickets/artist/1858715?ac_link=broadway_guide_aladdin,https://s1.ticketm.net/dam/a/6a4/0da28702-3bd5-4cc1-b373-37c02fc7c6a4_RETINA_PORTRAIT_16_9.jpg,New Amsterdam Theatre,Dec22,7:00 PM,"New York, NY",ee3eafa8bcc671bff8f1428f4f55ca5c
Disney’s Aladdin,https://www.ticketmaster.com/aladdin-tickets/artist/1858715?ac_link=broadway_guide_aladdin,https://s1.ticketm.net/dam/a/6a4/0da28702-3bd5-4cc1-b373-37c02fc7c6a4_RETINA_PORTRAIT_16_9.jpg,New Amsterdam Theatre,Dec23,2:00 PM,"New York, NY",a29d872033c760a75174131e6c2a4513
Disney’s Aladdin,https://www.ticketmaster.com/aladdin-tickets/artist/1858715?ac_link=broadway_guide_aladdin,https://s1.ticketm.net/dam/a/6a4/0da28702-3bd5-4cc1-b373-37c02fc7c6a4_RETINA_PORTRAIT_16_9.jpg,New Amsterdam Theatre,Dec23,7:00 PM,"New York, NY",7421ad92d893a832c073c8277dbab515
Disney’s Aladdin,https://www.ticketmaster.com/aladdin-tickets/artist/1858715?ac_link=broadway_guide_aladdin,https://s1.ticketm.net/dam/a/6a4/0da28702-3bd5-4cc1-b373-37c02fc7c6a4_RETINA_PORTRAIT_16_9.jpg,New Amsterdam Theatre,Dec24,1:00 PM,"New York, NY",fe8a0ced7d1bff6cfb1c778b190d4ab3
Disney’s Aladdin,https://www.ticketmaster.com/aladdin-tickets/artist/1858715?ac_link=broadway_guide_aladdin,https://s1.ticketm.net/dam/a/6a4/0da28702-3bd5-4cc1-b373-37c02fc7c6a4_RETINA_PORTRAIT_16_9.jpg,New Amsterdam Theatre,Dec26,8:00 PM,"New York, NY",67ac8fbf20f420d71c3cb0088e218498
Disney’s Aladdin,https://www.ticketmaster.com/aladdin-tickets/artist/1858715?ac_link=broadway_guide_aladdin,https://s1.ticketm.net/dam/a/6a4/0da28702-3bd5-4cc1-b373-37c02fc7c6a4_RETINA_PORTRAIT_16_9.jpg,New Amsterdam Theatre,Dec27,2:00 PM,"New York, NY",b26016e0f0c3f424cfa37db9b27c61ad
Disney’s Aladdin,https://www.ticketmaster.com/aladdin-tickets/artist/1858715?ac_link=broadway_guide_aladdin,https://s1.ticketm.net/dam/a/6a4/0da28702-3bd5-4cc1-b373-37c02fc7c6a4_RETINA_PORTRAIT_16_9.jpg,New Amsterdam Theatre,Dec27,8:00 PM,"New York, NY",bb064a01104b379089f88cfef438fdbc
Disney’s Aladdin,https://www.ticketmaster.com/aladdin-tickets/artist/1858715?ac_link=broadway_guide_aladdin,https://s1.ticketm.net/dam/a/6a4/0da28702-3bd5-4cc1-b373-37c02fc7c6a4_RETINA_PORTRAIT_16_9.jpg,New Amsterdam Theatre,Dec28,1:00 PM,"New York, NY",968270a2f293e7cdba76b0c4f32f8e85
Disney’s Aladdin,https://www.ticketmaster.com/aladdin-tickets/artist/1858715?ac_link=broadway_guide_aladdin,https://s1.ticketm.net/dam/a/6a4/0da28702-3bd5-4cc1-b373-37c02fc7c6a4_RETINA_PORTRAIT_16_9.jpg,New Amsterdam Theatre,Dec28,6:30 PM,"New York, NY",83a87b3bb33fb64c753595e350b8eeaa
Disney’s Aladdin,https://www.ticketmaster.com/aladdin-tickets/artist/1858715?ac_link=broadway_guide_aladdin,https://s1.ticketm.net/dam/a/6a4/0da28702-3bd5-4cc1-b373-37c02fc7c6a4_RETINA_PORTRAIT_16_9.jpg,New Amsterdam Theatre,Dec29,7:00 PM,"New York, NY",7c60cb962191b1b448d0b2136ba46c53
Disney’s Aladdin,https://www.ticketmaster.com/aladdin-tickets/artist/1858715?ac_link=broadway_guide_aladdin,https://s1.ticketm.net/dam/a/6a4/0da28702-3bd5-4cc1-b373-37c02fc7c6a4_RETINA_PORTRAIT_16_9.jpg,New Amsterdam Theatre,Dec30,2:00 PM,"New York, NY",81991247abcddbc0efd01072d1836e28
Disney’s Aladdin,https://www.ticketmaster.com/aladdin-tickets/artist/1858715?ac_link=broadway_guide_aladdin,https://s1.ticketm.net/dam/a/6a4/0da28702-3bd5-4cc1-b373-37c02fc7c6a4_RETINA_PORTRAIT_16_9.jpg,New Amsterdam Theatre,Dec30,7:00 PM,"New York, NY",09540aef3e097c333e07c913d6c6b4b8
Disney’s Aladdin,https://www.ticketmaster.com/aladdin-tickets/artist/1858715?ac_link=broadway_guide_aladdin,https://s1.ticketm.net/dam/a/6a4/0da28702-3bd5-4cc1-b373-37c02fc7c6a4_RETINA_PORTRAIT_16_9.jpg,New Amsterdam Theatre,Dec31,1:00 PM,"New York, NY",14fa03ae819219ac7bb5c365fe29751d
Disney’s Aladdin,https://www.ticketmaster.com/aladdin-tickets/artist/1858715?ac_link=broadway_guide_aladdin,https://s1.ticketm.net/dam/a/6a4/0da28702-3bd5-4cc1-b373-37c02fc7c6a4_RETINA_PORTRAIT_16_9.jpg,New Amsterdam Theatre,Jan022026,8:00 PM,"New York, NY",80981a352d2e858ed07c81c37f1b65ec
Disney’s Aladdin,https://www.ticketmaster.com/aladdin-tickets/artist/1858715?ac_link=broadway_guide_aladdin,https://s1.ticketm.net/dam/a/6a4/0da28702-3bd5-4cc1-b373-37c02fc7c6a4_RETINA_PORTRAIT_16_9.jpg,New Amsterdam Theatre,Jan032026,2:00 PM,"New York, NY",72ff7690c6bb350dff839e296d8fe47f
Disney’s Aladdin,https://www.ticketmaster.com/aladdin-tickets/artist/1858715?ac_link=broadway_guide_aladdin,https://s1.ticketm.net/dam/a/6a4/0da28702-3bd5-4cc1-b373-37c02fc7c6a4_RETINA_PORTRAIT_16_9.jpg,New Amsterdam Theatre,Jan032026,8:00 PM,"New York, NY",0c5d744f1e4f6f704222e561efe55b54
Disney’s Aladdin,https://www.ticketmaster.com/aladdin-tickets/artist/1858715?ac_link=broadway_guide_aladdin,https://s1.ticketm.net/dam/a/6a4/0da28702-3bd5-4cc1-b373-37c02fc7c6a4_RETINA_PORTRAIT_16_9.jpg,New Amsterdam Theatre,Jan042026,3:00 PM,"New York, NY",0c02c1971444ec11e9a66a118999e080
